sector,amount,objective,end_month,end-year,end_quarter,start_month,start_year,start_quarter,Is_Weekend,result,reach,impressions
Ecommerce & Retail,363.59,pages likes,5,2022,2,4,2022,2,True,8.013343181386672,11.567167407817905,12.455281525365566
Ecommerce & Retail,148.92,CONVERSIONS,8,2021,3,8,2021,3,False,8.171599480345463,12.497738024074073,13.782027194697699
Travel,1.94,post engagement,1,2019,1,12,2018,4,False,4.890349128221754,7.887208585813932,7.9105906122564775
Travel,7.73,pages likes,12,2018,4,12,2018,4,False,6.255750041753367,9.638284261844774,10.267157970987247
Ecommerce & Retail,5.39,post engagement,9,2021,3,9,2021,3,False,7.393263094763838,9.491979220880678,9.725974416734479
Ecommerce & Retail,45.45,post engagement,3,2019,1,3,2019,1,False,9.809561414503964,10.099753105042092,11.017628642821865
Travel,50.0,post engagement,7,2019,3,7,2019,3,False,7.89989532313973,11.28128340340112,11.816372613000391
Travel,2.12,post engagement,7,2019,3,7,2019,3,False,5.918893854273146,8.715880102296456,8.90231952852887
Travel,75.09,post engagement,4,2019,2,4,2019,2,True,8.515391569469609,11.195388813205843,11.540929661379826
Ecommerce & Retail,8.72,Messages,1,2021,1,1,2021,1,False,2.995732273553991,8.559677803022392,9.423433587436891
Ecommerce & Retail,20.0,post engagement,5,2022,2,4,2022,2,True,6.762729506931879,10.411539332752723,10.845660433124383
Ecommerce & Retail,49.98,pages likes,6,2020,2,6,2020,2,False,7.77485576666552,9.568084743872936,9.737432968206045
Ecommerce & Retail,136.15,Traffic,12,2021,4,12,2021,4,False,7.837159650001675,11.548447037037308,12.117164926164834
Travel,4.88,pages likes,12,2018,4,12,2018,4,True,5.820082930352362,9.19207456316929,9.89606003670733
B2B,95.13,lead generation,6,2020,2,6,2020,2,False,2.9444389791664403,10.79419377419745,11.71652731494412
Travel,163.2,post engagement,3,2022,1,2,2022,1,False,12.870359854609468,12.491984401896726,13.35257945930753
Ecommerce & Retail,38.54,post engagement,5,2020,2,5,2020,2,False,9.506065016071148,10.4180163112265,10.812854369337458
Automotive,17.93,post engagement,6,2021,2,6,2021,2,False,9.299815378403785,9.442166123673227,10.746325482201238
Ecommerce & Retail,361.85,pages likes,10,2021,4,10,2021,4,True,8.459352191726387,12.19716307290023,12.94890244904257
Ecommerce & Retail,34.43,post engagement,5,2022,2,5,2022,2,False,7.312553498102598,9.547241088215463,10.132414348606066
Travel,350.41,Messages,10,2021,4,9,2021,3,False,6.100318952020064,11.47216596849693,12.822660004454681
Travel,2.51,post engagement,7,2019,3,7,2019,3,False,5.288267030694535,8.072779333169498,8.10530751550515
Ecommerce & Retail,26.04,post engagement,12,2021,4,12,2021,4,False,6.90975328164481,9.154933364704444,9.527484154577582
Ecommerce & Retail,11.04,post engagement,3,2021,1,2,2021,1,True,7.563200592358071,9.810275170813949,10.100738771884387
Ecommerce & Retail,33.57,CONVERSIONS,4,2022,2,4,2022,2,True,1.3862943611198906,10.46860247817383,11.100103360408495
Automotive,59.95,pages likes,3,2022,1,3,2022,1,False,6.71901315438526,10.430373515848633,11.134004912084176
Travel,1.4,Traffic,7,2020,3,7,2020,3,False,4.143134726391533,8.934982049213234,8.9445502459405
Ecommerce & Retail,6.0,Traffic,8,2021,3,8,2021,3,False,4.248495242049359,7.681560362559537,7.781138509845015
Ecommerce & Retail,10.0,post engagement,5,2022,2,4,2022,2,True,5.204006687076795,7.637234388789473,8.9142228207033
Ecommerce & Retail,7.28,Messages,8,2021,3,8,2021,3,False,1.3862943611198906,8.48632152774915,8.663369301573839
Ecommerce & Retail,15.0,post engagement,1,2021,1,1,2021,1,False,7.406103381237015,10.038761176593697,10.463331885781653
Ecommerce & Retail,28.01,post engagement,11,2020,4,11,2020,4,False,6.089044875446846,10.004644244495866,10.86578362216669
Travel,88.25,Traffic,3,2022,1,3,2022,1,False,6.591673732008658,11.381095481271178,12.179369262695625
Travel,3.21,Traffic,12,2018,4,12,2018,4,False,5.356586274672012,9.190647738630446,9.246479418592056
Ecommerce & Retail,20.0,post engagement,5,2021,2,5,2021,2,False,8.214194414852564,10.268443117306083,10.843943928909063
Ecommerce & Retail,13.99,Messages,11,2021,4,11,2021,4,False,3.7376696182833684,8.339978571990427,9.004545458996587
B2B,26.69,CONVERSIONS,10,2021,4,10,2021,4,False,1.0986122886681098,9.619133270177022,10.22662122471816
Automotive,145.5,Traffic,5,2021,2,4,2021,2,False,8.876544550558378,11.890189981384504,13.811568799431544
Ecommerce & Retail,13.98,post engagement,3,2021,1,3,2021,1,False,6.470799503782602,8.52615293278771,8.926783114101351
Travel,1.03,Traffic,2,2019,1,2,2019,1,False,3.8501476017100584,8.592300663903043,8.614138397472717
Travel,44.65,post engagement,2,2022,1,2,2022,1,False,9.92749700499648,10.092619201258632,10.682215921186279
Ecommerce & Retail,5.36,post engagement,9,2021,3,9,2021,3,False,6.913737350659685,9.245224773829685,9.490242257109001
Travel,50.0,post engagement,1,2019,1,1,2019,1,False,8.58223158759546,11.818061821281589,12.196077863689075
Ecommerce & Retail,26.91,Traffic,2,2022,1,2,2022,1,False,6.806829360392176,10.98188012693938,11.453790982344705
Ecommerce & Retail,56.39,lead generation,6,2021,2,6,2021,2,False,5.337538079701318,10.834410706454594,11.175969111183209
Ecommerce & Retail,54.49,post engagement,11,2020,4,11,2020,4,True,7.045776576879511,9.976412682550684,10.837441369615792
Ecommerce & Retail,40.0,Messages,2,2021,1,2,2021,1,False,2.70805020110221,10.833168237529042,11.212509323993688
Ecommerce & Retail,36.63,post engagement,2,2022,1,2,2022,1,False,10.045941520331061,10.536486560259796,11.358888112054567
Travel,30.15,post engagement,4,2022,2,4,2022,2,False,7.935229539816907,11.32824512844138,11.644330849239699
Ecommerce & Retail,4.43,post engagement,5,2021,2,4,2021,2,False,6.042632833682381,8.336390480591552,8.551787836180736
Travel,1.6,post engagement,1,2019,1,1,2019,1,False,5.459585514144159,8.63994165667529,8.665785595466064
Travel,331.46,post engagement,4,2019,2,4,2019,2,False,10.67037299405789,13.384826098563263,14.149012673854832
Ecommerce & Retail,17.22,CONVERSIONS,4,2022,2,4,2022,2,False,1.6094379124341003,9.92373125901317,10.30471034138616
Ecommerce & Retail,151.17,Traffic,6,2019,2,6,2019,2,True,8.333270353255308,12.111838886177427,13.842547736982679
Ecommerce & Retail,36.23,post engagement,5,2021,2,5,2021,2,True,8.408939605975984,10.347467996872627,10.972636701053597
Ecommerce & Retail,24.85,Traffic,4,2020,2,4,2020,2,False,7.171656822768514,10.887249999525295,11.383943707044278
Automotive,1.64,post engagement,10,2021,4,10,2021,4,True,7.6624678152002375,8.269500767180615,8.37930948405285
B2B,27.24,lead generation,8,2021,3,8,2021,3,False,3.784189633918261,8.94494150776486,9.25502688959859
Automotive,44.57,Traffic,10,2021,4,10,2021,4,False,7.768533300926033,11.387112777774695,12.292392533496367
Ecommerce & Retail,15.98,CONVERSIONS,4,2022,2,4,2022,2,False,1.3862943611198906,9.737964114018055,10.113018876430475
B2B,161.26,lead generation,2,2022,1,2,2022,1,True,4.564348191467836,10.722033142490407,11.225976457094276
Ecommerce & Retail,14.21,post engagement,9,2020,3,9,2020,3,False,5.961005339623274,9.14216859187285,10.0488425203955
Ecommerce & Retail,24.0,Traffic,12,2021,4,11,2021,4,True,4.007333185232471,7.7102051944325325,7.922261058353247
Travel,49.7,post engagement,6,2021,2,6,2021,2,False,7.198183577101943,11.412043793188975,11.506706165156311
Ecommerce & Retail,84.09,post engagement,2,2021,1,2,2021,1,True,6.877296071497429,11.001583041019357,11.155092708167645
Travel,32.07,post engagement,6,2021,2,6,2021,2,False,6.893656354602635,10.65225863684407,10.766335312700145
Travel,106.18,Traffic,5,2022,2,5,2022,2,False,5.991464547107982,9.904986428659864,10.3974213086319
Ecommerce & Retail,2.67,post engagement,8,2021,3,8,2021,3,False,5.60947179518496,8.585972706811063,8.769196271411001
Ecommerce & Retail,5.43,Messages,5,2022,2,5,2022,2,True,3.091042453358316,9.172534657240284,9.266153436795395
Ecommerce & Retail,31.43,CONVERSIONS,7,2021,3,7,2021,3,False,9.100860271357362,11.60780828074028,12.372565418841441
Ecommerce & Retail,102.1,Traffic,12,2021,4,11,2021,4,False,7.649216319820633,11.566504145871457,12.433837502144899
B2B,43.76,lead generation,11,2020,4,11,2020,4,False,3.4339872044851463,9.925933741365958,10.59805871874709
Ecommerce & Retail,49.62,post engagement,1,2021,1,1,2021,1,True,7.768110378525988,10.988372720584238,11.639699075131372
Travel,38.74,Messages,6,2019,2,6,2019,2,False,4.454347296253507,10.47517306455888,11.155435903606515
Ecommerce & Retail,16.36,post engagement,5,2021,2,5,2021,2,True,4.820281565605037,8.960210955576986,9.514953305087944
Ecommerce & Retail,44.62,post engagement,1,2021,1,1,2021,1,True,6.825460036255307,10.81719495047468,11.336927869712962
Travel,90.48,Traffic,9,2021,3,9,2021,3,False,6.977281341630747,12.76921364118451,13.51012062266448
B2B,28.77,lead generation,2,2022,1,2,2022,1,True,2.0794415416798357,9.103979355984773,9.142810715182584
Ecommerce & Retail,22.58,post engagement,11,2021,4,11,2021,4,False,7.035268599281097,9.523032079931992,9.93677725040077
Ecommerce & Retail,14.29,post engagement,4,2021,2,4,2021,2,False,6.852242569051878,8.612685172875459,9.33485624667375
Travel,347.71,post engagement,9,2021,3,9,2021,3,False,9.32250766884693,12.423503912770887,13.688975207297084
Ecommerce & Retail,161.51,CONVERSIONS,5,2021,2,3,2021,1,True,4.418840607796598,11.86060608093938,12.91960561664688
B2B,5.35,lead generation,10,2020,4,10,2020,4,False,0.6931471805599453,7.697121317282625,8.11522197256233
Ecommerce & Retail,47.16,CONVERSIONS,4,2022,2,4,2022,2,False,2.833213344056216,10.476527122708163,11.364239824574028
Ecommerce & Retail,48.57,post engagement,3,2020,1,3,2020,1,False,8.388677769180811,11.504570660587476,11.998611726368024
Ecommerce & Retail,35.37,lead generation,6,2020,2,6,2020,2,False,3.5263605246161616,10.54770705947265,10.882020420873696
Ecommerce & Retail,37.47,post engagement,11,2021,4,11,2021,4,False,10.812511948418237,10.655163041535141,11.152529320229641
Travel,20.0,post engagement,11,2019,4,11,2019,4,True,7.8636512654486515,10.489745271417972,10.848560085835736
Ecommerce & Retail,350.48,Messages,1,2022,1,12,2021,4,False,4.7535901911063645,11.221101493351112,12.519484597303189
Ecommerce & Retail,25.0,Traffic,6,2020,2,6,2020,2,False,6.646390514847729,8.886409166849282,9.265869681768663
Travel,30.62,post engagement,1,2019,1,1,2019,1,True,8.153637486385282,11.20445547998815,11.51709675303904
Ecommerce & Retail,21.93,post engagement,11,2021,4,11,2021,4,False,8.371242135931933,10.622424304782367,11.070941590161643
Ecommerce & Retail,291.2,lead generation,11,2020,4,9,2020,3,False,5.8805329864007,11.927409777498553,13.181516799890492
Ecommerce & Retail,75.21,CONVERSIONS,5,2021,2,4,2021,2,False,2.4849066497880004,9.622847294873393,10.337216125917152
Ecommerce & Retail,1.63,Messages,7,2020,3,7,2020,3,False,4.31748811353631,7.449498005382849,7.449498005382849
Travel,6.41,Traffic,3,2022,1,3,2022,1,False,4.30406509320417,9.53755560876329,9.896865676227241
Travel,288.05,post engagement,12,2021,4,12,2021,4,False,9.267193183568965,12.418963820380032,13.289403769666063
Ecommerce & Retail,28.62,post engagement,11,2020,4,11,2020,4,False,5.905361848054571,10.187500401613525,10.398061835716069
Ecommerce & Retail,217.47,Messages,10,2020,4,9,2020,3,False,6.812345094177479,11.49630815914679,12.281156926653441
Travel,2.64,post engagement,7,2019,3,7,2019,3,False,5.407171771460119,8.478036476215044,8.510772623613315
Ecommerce & Retail,47.73,Traffic,6,2020,2,6,2020,2,False,6.920671504248683,9.409273194575334,11.656809335298806
Automotive,12.9,Traffic,4,2021,2,4,2021,2,False,4.605170185988092,8.128585200374497,8.546169299652755
Travel,33.67,Traffic,5,2022,2,5,2022,2,False,6.380122536899765,11.327667601443988,12.046953811503942
Ecommerce & Retail,25.14,pages likes,3,2022,1,2,2022,1,False,5.799092654460526,9.708749225727084,10.233654236594065
Ecommerce & Retail,3.69,CONVERSIONS,3,2022,1,3,2022,1,False,6.872128101338986,9.695848187757884,9.845699528768733
Ecommerce & Retail,10.0,Traffic,5,2019,2,5,2019,2,True,1.0986122886681098,7.898039690764619,7.90100705199242
Ecommerce & Retail,24.87,post engagement,7,2019,3,7,2019,3,False,7.176254532017144,10.50015136537585,11.025848919375079
Ecommerce & Retail,15.5,post engagement,12,2021,4,11,2021,4,True,6.6039438246004725,9.949034367492098,10.52048236489583
Travel,2.98,Traffic,12,2018,4,12,2018,4,False,5.537334267018537,8.917712757131387,9.000236434169777
Ecommerce & Retail,101.5,CONVERSIONS,3,2022,1,3,2022,1,False,3.912023005428146,10.349230507142863,12.029532345023078
Ecommerce & Retail,18.0,Traffic,12,2021,4,12,2021,4,False,5.648974238161206,10.334360464578825,10.66606750781141
Automotive,707.2,post engagement,7,2021,3,7,2021,3,False,11.82866278270362,12.484473026039959,12.581191941785958
B2B,8.1,lead generation,9,2020,3,9,2020,3,False,1.0986122886681098,8.885855993000296,9.056839480990421
Ecommerce & Retail,30.0,Traffic,1,2021,1,1,2021,1,True,6.665683717782408,10.85799849722998,11.456408022135056
Ecommerce & Retail,31.98,post engagement,10,2020,4,10,2020,4,False,6.437751649736401,10.759454867227179,11.201415072985869
Ecommerce & Retail,6.0,Traffic,10,2021,4,10,2021,4,False,4.61512051684126,9.118553976345474,9.335385860950407
Ecommerce & Retail,21.02,post engagement,4,2020,2,3,2020,1,False,7.328437352895162,11.299546583710931,11.923013205563837
Ecommerce & Retail,14.2,Messages,1,2022,1,1,2022,1,True,2.302585092994046,9.60871372627059,9.844427331406584
Ecommerce & Retail,40.86,post engagement,11,2020,4,11,2020,4,False,6.683360945766275,10.76487849442862,11.504399219625775
Ecommerce & Retail,18.0,Traffic,8,2021,3,8,2021,3,True,5.659482215759621,10.316226144610791,10.764984132323145
Automotive,3.44,post engagement,1,2022,1,1,2022,1,False,8.552174160311482,9.002208578282412,9.063926353520646
Ecommerce & Retail,72.62,CONVERSIONS,3,2021,1,2,2021,1,False,1.0986122886681098,9.824065485558638,11.678456852456709
Ecommerce & Retail,57.01,post engagement,5,2020,2,5,2020,2,True,8.642944396721798,10.85191628193809,11.689656423450938
Ecommerce & Retail,2.25,post engagement,5,2020,2,5,2020,2,False,4.553876891600541,8.069342366811636,8.259975659768276
Ecommerce & Retail,83.71,CONVERSIONS,6,2021,2,4,2021,2,False,2.302585092994046,11.085015341531545,11.92036861546202
Ecommerce & Retail,0.21,Traffic,5,2021,2,5,2021,2,False,1.9459101490553132,6.890609120147166,6.894670039433482
B2B,14.5,lead generation,4,2019,2,3,2019,1,False,0.6931471805599453,8.934059722248843,9.477921772720961
Ecommerce & Retail,881.99,Traffic,9,2019,3,9,2019,3,False,10.18539045772387,12.816012115073425,15.266552558979884
Travel,17.85,Traffic,1,2022,1,1,2022,1,True,3.784189633918261,7.994969522697877,8.13973227971767
Ecommerce & Retail,10.67,post engagement,10,2021,4,10,2021,4,False,7.252762418053187,9.54108193388841,9.890250325754108
Automotive,16.95,post engagement,7,2021,3,7,2021,3,False,10.101149179835646,10.559400046485848,10.75064254557542
Ecommerce & Retail,59.88,Traffic,5,2021,2,5,2021,2,False,7.298445101508147,12.121489227751574,12.753774891058823
Ecommerce & Retail,246.06,CONVERSIONS,10,2021,4,9,2021,3,False,2.9444389791664403,11.33323644002164,12.653053907174467
Automotive,349.98,Traffic,9,2021,3,9,2021,3,True,8.97853441008332,12.687609510589583,13.269556768470116
Ecommerce & Retail,5.44,post engagement,10,2021,4,10,2021,4,False,5.187385805840755,7.933438387627489,8.18088094199639
Travel,6.95,Traffic,12,2021,4,11,2021,4,False,6.0473721790462776,10.488186120839014,10.927358335076908
B2B,46.98,lead generation,8,2021,3,8,2021,3,False,2.70805020110221,9.070733417589766,9.387146748082028
Ecommerce & Retail,15.46,Traffic,2,2022,1,2,2022,1,False,7.095064377287131,9.917242517768464,9.934210725178968
Ecommerce & Retail,36.25,Messages,4,2020,2,4,2020,2,False,4.2626798770413155,10.418972305682843,11.649019820397864
Travel,454.94,post engagement,8,2021,3,8,2021,3,False,9.54831148472113,12.128721728402278,14.241728821865395
B2B,56.93,lead generation,2,2022,1,2,2022,1,False,3.6888794541139363,9.933094897288786,10.250016196420983
Ecommerce & Retail,6.0,Traffic,1,2021,1,1,2021,1,False,4.394449154672439,10.010052342764158,10.546183189599976
Ecommerce & Retail,14.0,Messages,3,2021,1,3,2021,1,False,0.6931471805599453,9.560222295507314,9.815803221891244
Ecommerce & Retail,49.34,Messages,4,2020,2,4,2020,2,False,6.259581464064923,11.727270421928088,12.384954961576616
Ecommerce & Retail,14.0,post engagement,2,2022,1,2,2022,1,True,6.429719478039138,8.627302414096267,9.051110146405625
Automotive,243.73,Traffic,10,2021,4,9,2021,3,False,9.534089150464357,12.504587085468991,14.380485673300457
Ecommerce & Retail,62.22,CONVERSIONS,12,2021,4,12,2021,4,False,1.6094379124341003,10.579615727926479,11.475701157671958
Ecommerce & Retail,36.3,post engagement,5,2021,2,5,2021,2,True,8.1797604936999,10.88719391270288,11.729728960538239
Ecommerce & Retail,46.83,pages likes,5,2022,2,5,2022,2,True,6.822197390620491,10.05371626578282,10.884910379348065
Ecommerce & Retail,104.64,CONVERSIONS,10,2021,4,9,2021,3,False,4.30406509320417,11.266717974057467,12.382686276398534
Ecommerce & Retail,84.2,CONVERSIONS,5,2022,2,4,2022,2,False,3.6375861597263857,11.321292693045136,12.40501776212801
Automotive,84.06,post engagement,7,2021,3,7,2021,3,False,11.94314822420412,11.280551948277328,12.338236228128924
B2B,55.05,lead generation,9,2021,3,9,2021,3,False,1.791759469228055,8.720134035412928,8.975250749643573
Automotive,107.36,pages likes,3,2022,1,3,2022,1,False,7.028201432058005,10.86086264450968,11.927422991029209
Ecommerce & Retail,115.0,CONVERSIONS,11,2021,4,11,2021,4,False,10.758349589413635,12.216042778167484,13.660887433219155
Ecommerce & Retail,13.27,post engagement,5,2021,2,4,2021,2,False,7.455298485683291,9.781037392779563,10.217714180210022
Ecommerce & Retail,23.37,post engagement,5,2020,2,5,2020,2,False,6.3784261836515865,10.525809827315793,11.14618575505945
Ecommerce & Retail,57.28,post engagement,7,2020,3,7,2020,3,False,8.38091517312361,11.288280787529752,11.833449778225992
Ecommerce & Retail,24.44,post engagement,11,2020,4,11,2020,4,False,6.452048954437226,10.399189386156271,10.953487161283544
Ecommerce & Retail,19.93,Traffic,3,2021,1,2,2021,1,False,7.1569563646156364,9.978223898650144,11.493548946876626
Ecommerce & Retail,7.92,post engagement,11,2021,4,10,2021,4,False,9.73032393352694,10.43125878502826,10.577248019295883
Ecommerce & Retail,3.71,post engagement,3,2022,1,3,2022,1,False,6.634633357861686,9.11173476822206,9.399554785027307
Automotive,257.62,Traffic,7,2021,3,7,2021,3,False,6.595780513961311,11.626655855297251,11.738146856079403
Travel,30.0,post engagement,1,2019,1,12,2018,4,False,8.562357743370612,11.518996995866857,11.607471716692148
Ecommerce & Retail,32.72,post engagement,5,2021,2,5,2021,2,False,7.989899374942939,10.94142938500409,11.948124117333215
Travel,153.5,Messages,10,2021,4,10,2021,4,False,4.820281565605037,10.698649658502804,11.913203811724399
Ecommerce & Retail,4.97,post engagement,11,2020,4,11,2020,4,False,5.10594547390058,7.0431599159883405,7.242082359256962
Travel,26.43,pages likes,10,2019,4,9,2019,3,False,7.544861068658458,10.707303634311371,11.34173374116303
Ecommerce & Retail,70.02,CONVERSIONS,12,2019,4,12,2019,4,False,2.8903717578961645,10.379752786950895,11.812763355192022
Ecommerce & Retail,76.67,Traffic,5,2022,2,4,2022,2,False,8.636219897837877,11.08647162642358,11.801894209304608
Ecommerce & Retail,174.3,Messages,1,2022,1,12,2021,4,False,5.303304908059076,11.158091682196439,11.968506841709488
Ecommerce & Retail,10.01,post engagement,8,2020,3,8,2020,3,False,5.958424693029782,9.23883064237581,9.399968503952575
Ecommerce & Retail,79.81,Traffic,10,2019,4,10,2019,4,False,7.31455283232408,11.659637115129055,12.928079354770672
Ecommerce & Retail,70.0,Traffic,1,2019,1,1,2019,1,True,5.484796933490655,10.835986223254492,11.341116457192811
Ecommerce & Retail,10.0,post engagement,5,2021,2,5,2021,2,False,7.935945103353701,10.218553734200675,10.494463570484948
Ecommerce & Retail,10.0,post engagement,5,2021,2,4,2021,2,False,6.049733455231958,8.414717399827001,8.697178688412643
Ecommerce & Retail,19.92,Traffic,3,2021,1,2,2021,1,False,6.658011045870748,9.887815383141833,11.348097990478855
Ecommerce & Retail,4.21,CONVERSIONS,12,2020,4,12,2020,4,False,2.8903717578961645,8.37309184744198,8.99205997632796
Travel,2.4,post engagement,7,2019,3,7,2019,3,False,4.77912349311153,7.469083884921234,7.484930283289661
Ecommerce & Retail,3.57,post engagement,11,2019,4,10,2019,4,False,5.231108616854587,9.052633375946147,9.112948025967533
Ecommerce & Retail,14.76,post engagement,5,2020,2,5,2020,2,False,6.364750756851911,10.179337399481271,10.66043079117615
Ecommerce & Retail,204.8,lead generation,6,2020,2,6,2020,2,True,4.6913478822291435,11.875448276750562,12.699521158056202
Ecommerce & Retail,6.0,Traffic,10,2021,4,10,2021,4,False,5.241747015059643,9.128804883993665,9.647691668946669
Ecommerce & Retail,64.72,Messages,4,2020,2,4,2020,2,False,5.645446897643238,11.733192884178937,12.568863350022818
Travel,134.73,Messages,11,2021,4,11,2021,4,False,5.5053315359323625,11.108035191612906,12.180072553561041
Ecommerce & Retail,74.57,Traffic,4,2020,2,4,2020,2,False,7.851271997109883,10.053328960775287,12.440318339355276
Ecommerce & Retail,50.6,Messages,3,2022,1,2,2022,1,False,3.9318256327243257,10.840972100417284,11.433211036740431
Ecommerce & Retail,13.02,post engagement,5,2022,2,5,2022,2,False,7.748028524432376,10.441412646183837,10.689942910229725
Travel,23.37,Traffic,1,2022,1,1,2022,1,False,8.678801706612651,10.889005795033986,11.185892537563756
Travel,21.23,post engagement,3,2021,1,3,2021,1,False,7.160845906664299,10.231927617460077,10.833523386201955
Ecommerce & Retail,4.03,CONVERSIONS,5,2022,2,4,2022,2,False,0.6931471805599453,8.39185670010494,8.484669999710677
Travel,80.97,Traffic,12,2021,4,11,2021,4,False,8.27715777243181,12.316683354770127,12.9714846721586
Travel,10.0,Traffic,6,2020,2,6,2020,2,False,6.349138991379798,10.2456933210051,10.356631095961035
Travel,17.02,Messages,1,2022,1,1,2022,1,False,2.9444389791664403,9.426821780416843,9.674828820533808
Ecommerce & Retail,10.82,Traffic,4,2020,2,4,2020,2,False,6.943122422819428,10.471553253474193,10.868054030575173
Travel,113.7,post engagement,2,2022,1,2,2022,1,False,12.306302521938967,12.232110694078946,12.779512440058665
B2B,88.27,lead generation,5,2019,2,5,2019,2,False,3.6375861597263857,11.075334813356704,11.687105637114154
Ecommerce & Retail,137.41,CONVERSIONS,1,2021,1,1,2021,1,False,2.0794415416798357,11.641644044567801,12.729211153655324
Ecommerce & Retail,12.0,Traffic,8,2021,3,8,2021,3,False,5.1298987149230735,10.729065520276563,11.377266095522472
Automotive,37.33,post engagement,12,2021,4,12,2021,4,True,6.7661917146603505,10.189079943122826,10.838403748533448
Ecommerce & Retail,9.99,Traffic,10,2021,4,10,2021,4,False,6.366470447731438,11.068885834882288,11.338726827755824
Travel,30.0,post engagement,1,2019,1,12,2018,4,False,8.70201162840878,11.888845037415514,11.968937922651609
Ecommerce & Retail,20.03,post engagement,6,2020,2,6,2020,2,False,6.670766320845874,10.275637144113018,10.586458126644512
Ecommerce & Retail,113.47,CONVERSIONS,7,2021,3,6,2021,2,True,2.3978952727983707,11.345795922914771,12.412147349364659
Ecommerce & Retail,1.05,post engagement,5,2020,2,5,2020,2,False,4.31748811353631,7.734558844354756,7.754052639035757
Travel,0.3,Traffic,10,2019,4,10,2019,4,False,1.0986122886681098,5.1298987149230735,5.1298987149230735
Ecommerce & Retail,98.08,post engagement,4,2020,2,4,2020,2,False,8.16223106548118,10.276188393050319,12.624190699761654
Ecommerce & Retail,22.18,Messages,7,2021,3,7,2021,3,True,4.382026634673881,10.478329686215535,10.773524899892822
Ecommerce & Retail,46.94,CONVERSIONS,5,2022,2,5,2022,2,True,1.6094379124341003,9.773037123152063,10.916469328564263
Ecommerce & Retail,46.98,post engagement,4,2020,2,4,2020,2,False,6.976348070447749,10.316159958893644,11.625378767241278
Automotive,30.87,Traffic,2,2022,1,2,2022,1,False,6.672032945461067,10.369263507748395,11.76329500253803
B2B,34.93,lead generation,5,2022,2,5,2022,2,False,2.3978952727983707,8.837971491357209,9.755277525370941
B2B,25.26,lead generation,6,2020,2,6,2020,2,False,1.9459101490553132,9.99337395933065,10.695959570639554
Ecommerce & Retail,435.81,pages likes,1,2022,1,10,2021,4,False,8.623533227187563,11.315754194925939,12.41809862503046
Ecommerce & Retail,20.0,post engagement,4,2022,2,4,2022,2,False,8.933004591578547,10.498387745089026,11.35739383206604
Ecommerce & Retail,45.72,post engagement,2,2021,1,2,2021,1,False,7.84971375760487,10.854875121447712,11.106309695104668
Ecommerce & Retail,0.57,post engagement,9,2020,3,9,2020,3,False,3.6375861597263857,6.68586094706836,6.70073110954781
Ecommerce & Retail,43.65,Traffic,5,2022,2,5,2022,2,True,7.8547691834991324,11.746454895836855,12.658141402139542
Ecommerce & Retail,6.62,post engagement,11,2020,4,11,2020,4,False,8.314097335405807,8.646992628951082,8.729720590267258
Ecommerce & Retail,135.92,Traffic,5,2021,2,4,2021,2,False,9.314880551250107,13.073673008255208,14.849676765666533
Ecommerce & Retail,69.94,post engagement,3,2019,1,3,2019,1,False,10.048107242146072,10.407620832440994,11.347118783793917
Ecommerce & Retail,19.65,Messages,1,2022,1,1,2022,1,False,2.5649493574615367,9.616138757874468,10.245373679001421
Ecommerce & Retail,5.48,post engagement,10,2021,4,10,2021,4,False,5.204006687076795,7.85243908535751,7.969011781106478
Travel,18.45,post engagement,1,2022,1,1,2022,1,False,7.549609165154532,10.638376304675711,11.047089140435771
Ecommerce & Retail,33.15,Traffic,5,2020,2,5,2020,2,False,7.9269635448629785,11.53790096437362,12.206617497071612
Travel,35.19,Messages,8,2021,3,8,2021,3,False,4.356708826689592,10.431730608339187,10.759136162440722
Ecommerce & Retail,14.0,post engagement,3,2021,1,3,2021,1,True,8.777555453213056,10.847276713112093,11.188800683801905
Travel,22.96,Messages,9,2021,3,9,2021,3,False,3.4011973816621555,9.447860089234899,10.077692928727824
Automotive,5.15,post engagement,5,2021,2,5,2021,2,False,8.762958920766726,9.455010553834672,9.712387577930592
Ecommerce & Retail,69.88,Traffic,5,2021,2,4,2021,2,False,8.336630087637147,11.852863118663018,13.287671014839024
Automotive,37.5,Traffic,7,2021,3,7,2021,3,False,7.629975707027789,11.157192933963753,12.101300845434219
Ecommerce & Retail,5.54,post engagement,10,2020,4,10,2020,4,False,5.942799375126701,9.603800372956915,9.809012024313242
Ecommerce & Retail,50.82,post engagement,11,2021,4,11,2021,4,False,7.157735484249907,10.819338187581879,11.54029741176608
Ecommerce & Retail,100.07,Messages,7,2021,3,7,2021,3,True,4.700480365792417,11.163325434703458,12.220818390676014
B2B,0.34,pages likes,10,2020,4,9,2020,3,False,1.3862943611198906,5.517452896464707,5.697093486505405
Ecommerce & Retail,44.73,post engagement,11,2020,4,11,2020,4,False,11.568388553669374,11.731619130210808,12.359630292405289
Ecommerce & Retail,22.0,Messages,10,2021,4,9,2021,3,False,3.5263605246161616,8.997889450200717,9.749111847392573
Ecommerce & Retail,7.05,post engagement,9,2021,3,9,2021,3,False,8.751790892775563,10.45834920029173,10.742443573468288
B2B,113.37,lead generation,2,2022,1,2,2022,1,False,3.871201010907891,10.324596324632314,10.903439054380268
Ecommerce & Retail,6.37,post engagement,5,2020,2,5,2020,2,False,6.111467339502679,9.23824732522919,9.667765219015058
Ecommerce & Retail,18.59,Traffic,5,2021,2,5,2021,2,False,6.398594934535208,10.184484831459187,11.240709834752362
B2B,31.76,pages likes,2,2022,1,2,2022,1,False,5.723585101952381,9.015905747298426,9.652073119254888
Ecommerce & Retail,14.59,post engagement,1,2022,1,12,2021,4,False,6.214608098422191,9.489561753510097,9.836599606994497
Travel,1.59,Messages,12,2018,4,12,2018,4,False,2.772588722239781,8.500047032581268,8.61558951327243
Ecommerce & Retail,6.0,Traffic,8,2021,3,8,2021,3,True,4.68213122712422,9.557964480394498,9.76927021041632
Ecommerce & Retail,10.0,post engagement,4,2021,2,4,2021,2,False,7.307202314764738,9.491979220880678,9.836546146782247
B2B,116.15,lead generation,5,2020,2,5,2020,2,False,4.204692619390966,11.098636541252267,12.207137078820002
Ecommerce & Retail,26.9,post engagement,4,2020,2,4,2020,2,True,7.118826249062078,10.486177920013498,11.317688866909027
B2B,13.43,post engagement,11,2020,4,11,2020,4,True,5.75890177387728,9.167537249650874,10.044075240845775
Ecommerce & Retail,73.51,Messages,2,2022,1,2,2022,1,False,4.8283137373023015,10.332245920613584,10.97167499739026
Ecommerce & Retail,10.0,post engagement,1,2021,1,1,2021,1,False,7.650168700845001,9.973246796950981,10.26053242804174
B2B,15.8,lead generation,6,2020,2,6,2020,2,False,0.6931471805599453,9.83889569664295,10.15405169942633
Ecommerce & Retail,126.09,Messages,5,2022,2,5,2022,2,True,5.7899601708972535,11.514204646468608,12.213246849278175
Ecommerce & Retail,117.04,CONVERSIONS,6,2021,2,5,2021,2,False,8.105005537547246,12.58480698207904,13.818003448129964
Ecommerce & Retail,50.75,CONVERSIONS,3,2022,1,3,2022,1,False,1.0986122886681098,10.55396206880912,11.323240867399685
Ecommerce & Retail,0.35,post engagement,6,2020,2,6,2020,2,False,1.6094379124341003,6.7661917146603505,6.778784897685177
Ecommerce & Retail,43.86,Traffic,1,2021,1,1,2021,1,False,8.782015969721936,10.645781976362318,11.034131312034901
Automotive,20.12,lead generation,4,2022,2,4,2022,2,False,4.219507705176107,9.898525260706313,10.412231010097795
Ecommerce & Retail,10.0,post engagement,3,2021,1,3,2021,1,False,7.161622002939187,9.38328476695754,9.647304147143718
Travel,50.0,post engagement,10,2019,4,10,2019,4,False,7.982757702011113,10.875799385088063,11.370151490978774
Ecommerce & Retail,21.27,post engagement,1,2022,1,12,2021,4,False,9.247347097605278,10.948716645194592,11.41438607688055
B2B,39.29,lead generation,8,2020,3,8,2020,3,False,4.127134385045092,9.983268687540978,10.756327171829666
Ecommerce & Retail,37.0,Traffic,3,2020,1,3,2020,1,True,5.393627546352362,9.288134399416203,9.450773591827353
Ecommerce & Retail,102.63,post engagement,12,2020,4,11,2020,4,False,9.698429468768303,11.484371657552167,12.484987649297908
Travel,208.7,post engagement,2,2022,1,1,2022,1,True,12.984888218345985,12.698491906768492,14.059207826984649
Ecommerce & Retail,6.02,post engagement,4,2021,2,3,2021,1,False,6.669498089857879,8.610319169405722,9.018210874191142
Ecommerce & Retail,62.89,CONVERSIONS,4,2022,2,4,2022,2,False,2.833213344056216,10.761195326977985,11.673282559385532
Ecommerce & Retail,10.0,Messages,7,2021,3,7,2021,3,False,2.5649493574615367,8.46611040118692,8.902863672196222
Ecommerce & Retail,168.0,CONVERSIONS,5,2021,2,5,2021,2,True,5.187385805840755,11.880827152523427,12.864700842463243
Travel,0.24,Messages,7,2020,3,7,2020,3,False,1.0986122886681098,6.415096959171596,6.46302945692067
Travel,47.8,post engagement,7,2021,3,7,2021,3,False,11.381392075008378,11.896949003449663,12.278895506567935
Ecommerce & Retail,342.86,pages likes,9,2021,3,7,2021,3,False,8.583355393669907,11.010894388885733,11.948091760004763
Ecommerce & Retail,18.0,Messages,8,2021,3,8,2021,3,False,3.091042453358316,10.069383274248214,10.288103485908332
Ecommerce & Retail,26.59,Traffic,12,2021,4,11,2021,4,False,5.5053315359323625,8.911529941736559,9.20552881497896
Ecommerce & Retail,93.81,CONVERSIONS,7,2021,3,7,2021,3,False,1.791759469228055,11.548167118308434,12.349791964542186
Ecommerce & Retail,83.7,CONVERSIONS,3,2022,1,3,2022,1,False,4.30406509320417,10.500591784882543,12.141070016711291
Ecommerce & Retail,10.0,post engagement,3,2021,1,3,2021,1,True,7.539027055823995,9.780698256443507,10.063691304076464
Ecommerce & Retail,0.66,post engagement,4,2021,2,4,2021,2,False,4.330733340286331,6.583409222158765,6.62273632394984
Ecommerce & Retail,14.0,post engagement,2,2022,1,2,2022,1,True,6.498282149476434,8.307212626628308,8.823058934301647
Travel,0.96,Traffic,2,2019,1,2,2019,1,False,3.8918202981106265,8.484669999710677,8.499640032168648
Ecommerce & Retail,11.97,Traffic,8,2021,3,8,2021,3,False,4.804021044733257,9.429556219952412,9.660651367876183
Ecommerce & Retail,4.41,post engagement,11,2020,4,10,2020,4,False,4.406719247264253,8.899457906353966,9.074062353683555
Travel,396.57,post engagement,10,2021,4,9,2021,3,False,9.76663636978693,13.165654640769413,14.177831533029824
Ecommerce & Retail,347.07,CONVERSIONS,5,2022,2,4,2022,2,True,3.367295829986474,12.12755419225711,13.516607093870372
Ecommerce & Retail,112.09,Traffic,12,2020,4,12,2020,4,False,8.525756422076725,12.308223014175107,12.925496549168338
Travel,50.0,post engagement,11,2019,4,11,2019,4,True,8.393442383980062,11.227693721342597,11.78679254838828
Travel,105.85,Traffic,5,2022,2,5,2022,2,False,6.597145701886651,10.232251585714021,10.643756840164809
Ecommerce & Retail,7.32,post engagement,4,2022,2,4,2022,2,True,7.643003635560718,9.503457646917903,9.824119617152556
Ecommerce & Retail,4.62,Messages,1,2022,1,1,2022,1,True,1.0986122886681098,8.61974977974133,8.729558869558568
Ecommerce & Retail,6.81,post engagement,5,2021,2,5,2021,2,True,3.8918202981106265,8.311889558230359,8.688959234270676
Ecommerce & Retail,2.54,Messages,5,2022,2,5,2022,2,False,1.0986122886681098,6.492239835020471,6.543911845564792
Ecommerce & Retail,7.08,post engagement,12,2021,4,12,2021,4,False,6.7912214627261855,9.448648359810164,9.980170777307086
Ecommerce & Retail,205.84,Messages,4,2022,2,3,2022,1,False,4.418840607796598,11.859425822912488,12.255000895403432
Ecommerce & Retail,13.35,post engagement,3,2022,1,3,2022,1,False,7.798112628829788,10.200959051807608,10.671487070998001
Ecommerce & Retail,12.0,Traffic,11,2021,4,11,2021,4,True,4.634728988229636,9.549665677579801,10.098149321414688
Travel,2.11,post engagement,7,2019,3,7,2019,3,False,6.5337888379333435,9.210140351973516,9.429877427696281
Ecommerce & Retail,20.0,post engagement,4,2022,2,4,2022,2,False,8.646641258603124,10.79648918643233,10.984377049549666
B2B,83.12,lead generation,9,2020,3,9,2020,3,False,2.6390573296152584,10.804766164289779,11.665071279254121
Ecommerce & Retail,12.0,Traffic,11,2021,4,11,2021,4,False,5.081404364984463,8.60611940061064,8.884333185202735
Automotive,121.37,post engagement,4,2022,2,3,2022,1,False,9.118225083068378,12.246537776382164,12.907026772426056
Ecommerce & Retail,18.0,Traffic,12,2021,4,12,2021,4,False,5.4116460518550396,10.404111313817522,10.824288099888111
Ecommerce & Retail,59.71,CONVERSIONS,9,2021,3,8,2021,3,False,1.791759469228055,10.777204756851221,11.774189123993686
Automotive,38.32,post engagement,1,2022,1,1,2022,1,False,11.04866531035156,11.248556191815522,11.508154100091337
Travel,75.99,post engagement,6,2021,2,6,2021,2,False,8.649098262296176,11.995067623275627,12.391514329660373
Ecommerce & Retail,12.0,Messages,8,2021,3,8,2021,3,False,2.0794415416798357,9.757362911053992,10.148275171908208
Ecommerce & Retail,74.64,Traffic,5,2020,2,5,2020,2,False,8.88875674784872,12.089094910532157,12.951503879513806
Ecommerce & Retail,18.17,post engagement,8,2021,3,8,2021,3,False,4.61512051684126,9.115260165725912,10.21269870228773
Ecommerce & Retail,16.71,post engagement,11,2020,4,11,2020,4,False,5.19295685089021,9.946977983610656,10.095553148279476
Ecommerce & Retail,12.0,Traffic,11,2021,4,11,2021,4,True,5.501258210544727,10.023268590855185,10.543576724621428
Automotive,95.27,pages likes,4,2022,2,4,2022,2,False,6.842683282238422,10.882734304052615,11.727762613440863
Automotive,260.02,Traffic,7,2021,3,7,2021,3,False,8.429235912657095,12.673967803511806,13.25757236208409
Ecommerce & Retail,78.41,lead generation,5,2022,2,5,2022,2,False,4.653960350157523,10.909125265086246,12.008011874583428
Ecommerce & Retail,59.26,post engagement,6,2020,2,6,2020,2,False,6.9167150203536085,10.528596762688789,11.389084114729881
Ecommerce & Retail,6.0,Traffic,11,2020,4,11,2020,4,False,5.981414211254481,10.101395343782077,10.4889381576407
Ecommerce & Retail,15.0,Traffic,11,2020,4,11,2020,4,False,7.658227526161352,11.14958550191271,11.77816252209149
Ecommerce & Retail,10.0,post engagement,7,2021,3,7,2021,3,True,7.425953657077541,10.050570457237374,10.30501157141103
Ecommerce & Retail,31.11,post engagement,10,2021,4,9,2021,3,False,8.876823763180603,11.193697684352662,11.815308940274901
Automotive,23.81,post engagement,5,2022,2,5,2022,2,True,10.874417973368606,11.054834596188103,11.40183746744634
Ecommerce & Retail,1.26,post engagement,3,2022,1,3,2022,1,False,6.51471269087253,8.727616178321068,8.754476306284166
Ecommerce & Retail,58.75,lead generation,12,2020,4,11,2020,4,False,2.9444389791664403,9.804992305787028,10.726170654445108
Ecommerce & Retail,22.0,post engagement,10,2021,4,9,2021,3,True,11.076201860959292,11.189989202301655,11.547674657297048
Ecommerce & Retail,19.99,Traffic,10,2021,4,10,2021,4,False,6.988413181999592,11.507148812192774,11.85603278352742
Travel,169.05,Messages,11,2021,4,10,2021,4,True,5.717027701406222,10.962527066084414,12.06023729730663
Ecommerce & Retail,66.8,pages likes,10,2021,4,10,2021,4,False,6.57507584059962,10.612557293639888,10.984088608402386
Ecommerce & Retail,12.3,Traffic,5,2021,2,5,2021,2,True,5.808142489980444,10.675469018613882,10.890534932861083
Ecommerce & Retail,94.04,CONVERSIONS,5,2022,2,5,2022,2,False,4.1588830833596715,11.050524859350896,12.595028895922587
Ecommerce & Retail,237.86,CONVERSIONS,4,2022,2,4,2022,2,False,4.90527477843843,11.462316147143687,13.338014933680235
Ecommerce & Retail,82.47,CONVERSIONS,3,2022,1,2,2022,1,False,1.0986122886681098,11.305089157723167,12.142861243380505
Ecommerce & Retail,71.9,CONVERSIONS,8,2021,3,7,2021,3,False,0.6931471805599453,10.772959176432687,11.755950071877587
Ecommerce & Retail,239.6,pages likes,5,2022,2,5,2022,2,True,7.544861068658458,11.673963798927177,12.501693125283476
Ecommerce & Retail,25.1,lead generation,4,2022,2,3,2022,1,False,1.0986122886681098,8.460199469896118,8.895903562215581
Ecommerce & Retail,5.46,post engagement,10,2021,4,10,2021,4,False,5.327876168789581,8.451907724717607,8.677609912822142
Ecommerce & Retail,12.38,Traffic,10,2021,4,10,2021,4,False,8.080237416216702,9.864174835150587,10.16411954826133
Ecommerce & Retail,10.0,post engagement,3,2021,1,3,2021,1,False,7.440733707389261,9.798904512343688,10.063222610657286
Travel,9.41,post engagement,2,2019,1,2,2019,1,False,6.408528791059498,9.618535084655214,9.860684430210819
Ecommerce & Retail,2.45,post engagement,7,2020,3,6,2020,2,False,4.3694478524670215,8.665785595466064,8.705165419719007
Ecommerce & Retail,6.0,Traffic,10,2021,4,10,2021,4,False,4.74493212836325,9.768755439335086,10.00960278332483
Ecommerce & Retail,38.57,CONVERSIONS,2,2021,1,2,2021,1,False,2.1972245773362196,9.919016354153754,11.125761858031977
Ecommerce & Retail,14.43,Messages,5,2021,2,5,2021,2,True,3.1354942159291497,9.012011377036412,9.456262510179732
Ecommerce & Retail,128.69,CONVERSIONS,11,2021,4,11,2021,4,False,2.302585092994046,11.158989623405995,12.022149807369246
Ecommerce & Retail,25.27,post engagement,12,2021,4,12,2021,4,False,7.215239978730097,9.347838885161817,9.592536853144992
Travel,158.93,post engagement,6,2021,2,6,2021,2,False,8.707978826622321,11.416062079566348,12.227359464985712
Automotive,126.17,Traffic,5,2022,2,4,2022,2,False,9.047115310873217,12.556169501208759,13.63349455448415
Ecommerce & Retail,40.36,pages likes,9,2021,3,9,2021,3,True,7.327123292259293,10.30337044234806,10.67099981505138
Automotive,2.39,post engagement,8,2021,3,8,2021,3,False,4.68213122712422,7.326465613840322,7.352441100243583
Ecommerce & Retail,12.0,Traffic,1,2021,1,1,2021,1,False,6.489204931325317,9.31461029315198,9.482502632769927
Travel,105.91,post engagement,9,2021,3,8,2021,3,False,8.427924723658055,12.073135362102112,12.832438792399769
Automotive,7.08,lead generation,2,2022,1,2,2022,1,False,1.0986122886681098,7.88344635413774,7.944492163932159
Travel,11.46,post engagement,11,2021,4,11,2021,4,False,5.948034989180646,9.941024156064854,9.969415732650235
Ecommerce & Retail,4.19,pages likes,11,2020,4,10,2020,4,False,3.4965075614664802,7.762596048540069,7.946263643580541
Ecommerce & Retail,39.44,Traffic,5,2020,2,5,2020,2,False,8.25582842728183,11.245634082166182,12.121418488114221
Travel,7.97,Messages,1,2022,1,1,2022,1,False,2.1972245773362196,8.589699882202986,8.816853240627426
Ecommerce & Retail,10.0,Messages,2,2021,1,2,2021,1,False,1.0986122886681098,9.05998249038762,9.47324295306374
Travel,90.51,post engagement,12,2018,4,12,2018,4,False,8.459987717645458,11.752257276480963,12.577949945843345
Ecommerce & Retail,22.06,Messages,4,2020,2,3,2020,1,False,4.890349128221754,11.94210709969571,12.364844061863868
Ecommerce & Retail,23.13,post engagement,11,2020,4,11,2020,4,False,5.720311776607412,10.165890277802454,10.367630290261705
Ecommerce & Retail,0.18,post engagement,8,2021,3,8,2021,3,False,1.3862943611198906,5.62040086571715,5.6240175061873385
Ecommerce & Retail,2.37,post engagement,7,2020,3,6,2020,2,False,4.430816798843313,8.628913441026645,8.659213451436667
Ecommerce & Retail,10.0,post engagement,4,2021,2,3,2021,1,False,7.294377299288821,8.874867635688053,9.396902923027392
Travel,41.65,Messages,12,2021,4,11,2021,4,False,3.7376696182833684,9.882314987303326,10.572674976900842
Ecommerce & Retail,2.77,post engagement,6,2021,2,6,2021,2,False,5.209486152841421,8.451480648050856,8.478452363099807
Ecommerce & Retail,48.32,CONVERSIONS,5,2022,2,5,2022,2,True,1.9459101490553132,9.960859832393998,11.360519928161361
Ecommerce & Retail,6.78,CONVERSIONS,10,2021,4,9,2021,3,False,3.1780538303479458,8.368693183097793,9.375006993531416
Ecommerce & Retail,141.72,CONVERSIONS,3,2022,1,3,2022,1,False,1.9459101490553132,10.968491350030408,12.225635047896224
Travel,2.4,post engagement,7,2019,3,7,2019,3,False,5.855071922202427,8.470101583882387,8.57602797713713
Ecommerce & Retail,12.0,Messages,8,2021,3,8,2021,3,False,1.6094379124341003,10.048756045127371,10.335464755184402
Ecommerce & Retail,57.67,lead generation,3,2022,1,3,2022,1,False,4.07753744390572,10.94646379738255,11.617546707432952
Ecommerce & Retail,35.6,CONVERSIONS,5,2022,2,4,2022,2,False,2.1972245773362196,10.486401252696373,11.050778888089262
Automotive,18.0,post engagement,6,2021,2,6,2021,2,False,9.48668339975797,9.587200223074012,10.797778044130617
Ecommerce & Retail,7.48,post engagement,9,2021,3,9,2021,3,False,10.05993559141207,10.304442505166406,10.677200380935641
Ecommerce & Retail,283.71,CONVERSIONS,2,2022,1,1,2022,1,True,3.1780538303479458,12.308376494338097,13.349068578507092
Ecommerce & Retail,10.0,post engagement,3,2021,1,3,2021,1,True,6.683360945766275,8.909640602443098,9.253304071408298
Automotive,32.47,post engagement,1,2022,1,1,2022,1,False,7.297091005160418,10.36879266100031,10.78702779414709
Travel,162.85,post engagement,1,2022,1,1,2022,1,False,10.050225108647712,12.684444290071399,13.599032244518826
Automotive,83.83,Traffic,6,2021,2,6,2021,2,False,8.843037724962366,12.21150287511004,12.867698198767163
Ecommerce & Retail,11.41,lead generation,3,2022,1,2,2022,1,False,1.0986122886681098,9.068661593644245,9.37940781309172
Ecommerce & Retail,24.88,post engagement,4,2020,2,4,2020,2,False,7.072421900537371,10.039459714059342,11.480588206391257
Ecommerce & Retail,2.65,post engagement,10,2021,4,10,2021,4,True,4.430816798843313,7.124478262493424,7.166265974133638
Ecommerce & Retail,5.44,post engagement,10,2021,4,10,2021,4,False,5.793013608384144,8.948975607841776,9.205428327615163
Ecommerce & Retail,7.48,post engagement,9,2021,3,9,2021,3,False,6.616065185132817,8.871084263978354,9.414994033976548
Travel,110.16,post engagement,2,2022,1,2,2022,1,False,12.440156136882718,12.646447907614782,13.009037892092206
Ecommerce & Retail,16.0,post engagement,5,2019,2,5,2019,2,True,7.3783837129967145,10.660946666064484,10.928453301035939
Travel,35.0,post engagement,1,2019,1,12,2018,4,False,8.200288260287554,11.052555284692732,11.426539347010879
Ecommerce & Retail,43.37,Traffic,6,2020,2,6,2020,2,False,6.825460036255307,9.647368744540465,11.302364914603979
Ecommerce & Retail,15.0,Messages,1,2021,1,1,2021,1,False,3.258096538021482,9.528939547062684,10.123064751970729
Ecommerce & Retail,28.4,Traffic,6,2022,2,5,2022,2,False,7.387090235656757,11.538992742032393,12.28055840345672
Ecommerce & Retail,12.0,Traffic,7,2021,3,7,2021,3,False,5.58724865840025,8.503297086224126,8.664405571096625
Ecommerce & Retail,12.29,pages likes,3,2022,1,3,2022,1,False,5.313205979041787,8.753213480544126,8.975756630519417
Ecommerce & Retail,4.29,CONVERSIONS,5,2022,2,5,2022,2,False,0.6931471805599453,8.965590066907914,9.11382947159534
Ecommerce & Retail,5.84,Traffic,11,2021,4,10,2021,4,True,2.302585092994046,6.597145701886651,6.641182169740591
Automotive,18.49,lead generation,4,2021,2,4,2021,2,False,3.5553480614894135,9.320897362540826,9.40351943877092
Ecommerce & Retail,10.72,Messages,1,2022,1,1,2022,1,False,2.833213344056216,8.351138607086154,8.71768205216564
B2B,49.3,lead generation,5,2022,2,2,2022,1,False,3.6109179126442243,9.82140944150052,10.341387581787455
Travel,31.43,post engagement,6,2021,2,6,2021,2,False,7.007600613951853,10.47132657962855,10.590918426099964
Ecommerce & Retail,30.0,post engagement,5,2021,2,5,2021,2,False,11.151223621603087,11.700043831986005,12.183867935541981
Ecommerce & Retail,15.0,post engagement,1,2021,1,1,2021,1,False,8.215006432761575,9.871687239986331,10.230666742245749
Ecommerce & Retail,39.91,Traffic,3,2021,1,3,2021,1,False,7.8636512654486515,11.529113725166752,12.586541261547934
Ecommerce & Retail,179.94,pages likes,5,2019,2,4,2019,2,False,5.135798437050262,7.935945103353701,8.098642843759418
Ecommerce & Retail,13.15,post engagement,5,2021,2,5,2021,2,True,6.489204931325317,8.797095076549056,8.97335141383992
Ecommerce & Retail,46.93,post engagement,10,2020,4,10,2020,4,False,7.311218384419629,10.524279070903933,11.319340715897564
Ecommerce & Retail,25.45,Messages,5,2021,2,4,2021,2,False,2.9444389791664403,9.166910814048848,9.90733016025358
Travel,7.97,Messages,1,2022,1,1,2022,1,False,2.1972245773362196,8.589699882202986,8.816853240627426
Ecommerce & Retail,142.44,CONVERSIONS,5,2021,2,4,2021,2,False,1.3862943611198906,11.181180039355397,12.2855675108578
Ecommerce & Retail,9.07,post engagement,4,2021,2,4,2021,2,True,7.051855622955894,9.205930663487482,9.494240301132503
Ecommerce & Retail,20.0,post engagement,5,2022,2,4,2022,2,False,8.975124239427704,11.40775382036403,11.806445463522216
Travel,101.69,post engagement,12,2018,4,12,2018,4,False,8.47261414801827,11.580060611955066,11.998833200773257
Ecommerce & Retail,0.17,post engagement,2,2021,1,2,2021,1,False,2.8903717578961645,5.983936280687191,5.986452005284438
Ecommerce & Retail,6.89,post engagement,10,2020,4,10,2020,4,False,5.736572297479192,9.794620897549015,9.986403052863436
Ecommerce & Retail,15.06,post engagement,7,2021,3,7,2021,3,True,6.385194398997726,9.171495588152615,9.39099387166944
Ecommerce & Retail,45.14,Messages,4,2020,2,4,2020,2,False,6.073044534100405,11.332853376224865,12.091716232291692
Ecommerce & Retail,81.23,post engagement,11,2021,4,11,2021,4,False,7.767263996757308,11.166554396169769,12.157066207975339
Ecommerce & Retail,17.57,post engagement,9,2020,3,9,2020,3,False,7.149916836132109,9.759905824058103,10.284181711652371
Travel,85.32,post engagement,6,2021,2,6,2021,2,False,11.565707650409198,11.65610763863686,12.034049873723678
Ecommerce & Retail,8.54,post engagement,5,2020,2,5,2020,2,False,5.247024072160486,9.295783853793651,9.565774546478782
Ecommerce & Retail,15.06,post engagement,11,2020,4,11,2020,4,False,5.3612921657094255,10.018644921923576,10.147961974552167
Travel,1.17,post engagement,12,2018,4,12,2018,4,False,7.80994708647679,8.79527937019457,8.82864061741828
Ecommerce & Retail,40.0,Traffic,6,2021,2,6,2021,2,False,8.000349495324684,12.262996309596328,13.024946780660716
Ecommerce & Retail,14.0,post engagement,3,2021,1,3,2021,1,True,8.958925938694943,10.991729588863048,11.263771558223787
Travel,4.08,Messages,12,2018,4,12,2018,4,False,2.995732273553991,9.163248764442333,9.224046019032295
Ecommerce & Retail,336.96,CONVERSIONS,5,2022,2,4,2022,2,False,5.056245805348308,11.326704314635162,13.558748173626388
Ecommerce & Retail,5.37,post engagement,9,2021,3,9,2021,3,False,7.288927694521257,9.382022193665792,9.594922269167922
Ecommerce & Retail,5.0,post engagement,6,2021,2,6,2021,2,False,6.762729506931879,9.066239028001926,9.257414779362112
Ecommerce & Retail,19.45,post engagement,6,2021,2,6,2021,2,False,6.124683390894205,9.486152271857476,9.921916688004496
Ecommerce & Retail,12.94,post engagement,7,2021,3,7,2021,3,True,7.403061091090091,10.182973629388371,10.634219493423345
Ecommerce & Retail,11.36,post engagement,10,2019,4,10,2019,4,True,5.905361848054571,9.98345333417401,10.71237123157867
Ecommerce & Retail,164.99,Messages,5,2022,2,3,2022,1,True,6.29156913955832,11.69258514878837,12.505751221322374
Ecommerce & Retail,5.64,post engagement,10,2020,4,10,2020,4,False,6.194405391104672,9.495594499353297,9.658801110545443
Ecommerce & Retail,36.52,Traffic,10,2021,4,10,2021,4,False,7.538494999413465,10.979973516212516,11.22895649043033
Automotive,38.39,Traffic,10,2021,4,10,2021,4,False,8.193676665955241,10.784006018522135,11.370059209196285
Ecommerce & Retail,22.95,post engagement,5,2021,2,4,2021,2,False,10.989132797979813,11.52508128274024,11.842919621207626
Travel,158.71,post engagement,1,2022,1,1,2022,1,False,9.979522238812125,13.072035932223702,13.870372726338253
Travel,167.32,Traffic,11,2021,4,10,2021,4,True,9.16837188715368,12.644788760422237,13.68517405623627
Ecommerce & Retail,35.31,post engagement,4,2020,2,4,2020,2,False,10.492356964389485,11.481073535521046,12.395299472639806
Ecommerce & Retail,11.42,Traffic,12,2021,4,12,2021,4,False,4.219507705176107,7.938445551164788,8.144098463338524
Ecommerce & Retail,6.0,Traffic,8,2021,3,8,2021,3,True,5.564520407322694,10.184145010050944,10.460442661144333
Ecommerce & Retail,63.12,post engagement,7,2020,3,6,2020,2,True,6.96979066990159,10.82139697362574,11.63551471005398
Travel,20.0,Messages,12,2018,4,12,2018,4,False,5.278114659230517,10.898996036516913,11.29260293084272
Automotive,50.72,Traffic,7,2021,3,7,2021,3,False,7.961370201719511,11.875573534224422,12.730496394296587
Ecommerce & Retail,6.29,post engagement,5,2020,2,5,2020,2,False,6.558197802812269,9.690356211348643,9.842675413139371
Travel,56.39,post engagement,7,2021,3,6,2021,2,False,11.862948332828584,12.017342598155052,12.759799700289019
Ecommerce & Retail,16.54,pages likes,11,2021,4,11,2021,4,False,4.859812404361672,9.306468399070404,9.439306936593182
Ecommerce & Retail,511.0,Messages,2,2022,1,1,2022,1,True,5.267858159063328,11.129979878291934,11.945123379480066
Ecommerce & Retail,5.99,Traffic,8,2021,3,8,2021,3,False,4.23410650459726,8.963288275610298,9.141847375530883
Ecommerce & Retail,20.0,Messages,2,2021,1,2,2021,1,False,3.4965075614664802,8.927048647825695,9.68700923909068
Automotive,38.37,post engagement,8,2021,3,8,2021,3,False,7.684783943522785,10.69758805131066,11.293636973355513
Ecommerce & Retail,20.0,Traffic,1,2021,1,1,2021,1,False,6.690842277418564,11.322043371112159,12.01233618592092
Ecommerce & Retail,20.0,post engagement,12,2021,4,12,2021,4,False,7.777373602657861,10.062924236792623,10.824427460224394
B2B,1.27,Traffic,9,2020,3,9,2020,3,False,4.007333185232471,8.646992628951082,8.74321260347591
Ecommerce & Retail,5.94,Messages,7,2021,3,7,2021,3,False,0.6931471805599453,8.608677881538416,8.922791623969637
Travel,152.34,Messages,10,2021,4,10,2021,4,False,5.389071729816501,12.43299305552588,13.03321080059071
Travel,1.78,pages likes,12,2019,4,12,2019,4,False,3.871201010907891,7.705262474866325,7.710653323501202
Travel,140.21,Traffic,1,2022,1,11,2021,4,False,9.275472466913964,12.98754658758211,14.281570169788269
Ecommerce & Retail,234.65,Traffic,12,2021,4,12,2021,4,False,8.873047798971067,12.122006019411725,12.898439521731843
Travel,27.8,Messages,2,2019,1,2,2019,1,False,4.770684624465665,11.082773119257247,11.652800444434716
Ecommerce & Retail,15.0,Traffic,11,2020,4,11,2020,4,False,6.779921907472252,11.232377881419048,11.678117817685447
Ecommerce & Retail,60.01,post engagement,7,2019,3,7,2019,3,False,7.9229859587111955,10.931605843591019,11.778262230253453
B2B,146.96,lead generation,4,2019,2,4,2019,2,False,2.9444389791664403,10.624395803881464,11.948777511285073
Automotive,51.51,lead generation,1,2022,1,1,2022,1,False,2.5649493574615367,8.253748343328501,8.327967858305488
B2B,283.21,lead generation,3,2022,1,12,2021,4,True,4.5217885770490405,11.46121102928355,12.17574229572234
Ecommerce & Retail,34.89,Traffic,6,2021,2,6,2021,2,False,8.494538500851432,12.30964856975153,13.112199903837867
B2B,13.88,post engagement,10,2020,4,9,2020,3,False,6.272877006546167,9.282009658666542,9.411974239802511
Ecommerce & Retail,11.86,Messages,4,2020,2,4,2020,2,True,4.418840607796598,9.996294602122335,10.521156591920116
Ecommerce & Retail,6.0,Traffic,10,2021,4,10,2021,4,False,4.890349128221754,9.398892478520773,9.593150789519541
Ecommerce & Retail,10.0,Traffic,2,2021,1,2,2021,1,False,7.57353126274595,11.227826719520717,11.508967643115884
Ecommerce & Retail,121.11,Traffic,8,2021,3,8,2021,3,False,8.112227958349724,11.745916371538772,13.51403242263566
Automotive,28.26,CONVERSIONS,3,2022,1,3,2022,1,True,1.791759469228055,9.7611172112444,10.167581090179292
Ecommerce & Retail,35.5,Traffic,3,2020,1,3,2020,1,False,5.484796933490655,9.154298981092557,9.378478484253662
Automotive,151.48,Traffic,9,2021,3,9,2021,3,False,8.839421607620602,11.753004792990641,13.840340722069612
Travel,66.07,post engagement,2,2019,1,2,2019,1,False,8.150467911624004,11.305987392690444,11.93791211512218
Ecommerce & Retail,349.05,Traffic,12,2021,4,11,2021,4,False,9.262268464836541,12.460431878130624,13.352110675903093
Ecommerce & Retail,87.25,post engagement,1,2021,1,1,2021,1,False,6.890609120147166,11.062143902371083,11.78947328100547
Ecommerce & Retail,4.29,post engagement,10,2020,4,9,2020,3,False,5.438079308923196,8.790573479157159,8.795127912413138
Ecommerce & Retail,23.26,Messages,4,2020,2,4,2020,2,True,4.499809670330265,10.547680805518146,11.312484743062132
Ecommerce & Retail,16.0,lead generation,12,2020,4,11,2020,4,False,1.3862943611198906,9.25770094333602,9.63782786411884
B2B,262.0,lead generation,2,2022,1,2,2022,1,False,4.997212273764115,11.168602491804302,11.976143624900942
Ecommerce & Retail,7.14,post engagement,5,2022,2,5,2022,2,False,5.82600010738045,9.712629664719888,9.820051594294094
Ecommerce & Retail,3.86,post engagement,5,2020,2,5,2020,2,False,5.472270673671475,9.264544425989694,9.360655132635051
Travel,2.71,post engagement,7,2019,3,7,2019,3,False,4.795790545596741,7.449498005382849,7.510430556378006
Ecommerce & Retail,6.81,post engagement,5,2021,2,5,2021,2,False,6.960347729101308,9.728360056322414,9.886544831805816
Ecommerce & Retail,25.57,post engagement,12,2020,4,12,2020,4,False,6.6039438246004725,10.460184799958176,10.787833437827631
Ecommerce & Retail,12.0,Traffic,7,2021,3,7,2021,3,False,5.58724865840025,9.688126141663973,10.158052248525081
Ecommerce & Retail,59.55,Messages,4,2022,2,4,2022,2,False,4.07753744390572,10.593479761402772,11.104280305855433
Travel,37.29,post engagement,1,2019,1,1,2019,1,True,9.155672970633875,12.240672120267552,12.586558349927325
Ecommerce & Retail,7.01,post engagement,9,2021,3,9,2021,3,False,8.111928063310739,10.028444791940512,10.30735137927732
Ecommerce & Retail,51.97,pages likes,10,2021,4,9,2021,3,False,6.814542897259958,10.083848855954896,10.682009354665388
Travel,214.57,post engagement,1,2022,1,12,2021,4,True,7.784057002639929,11.444411050433065,12.321198821525272
Ecommerce & Retail,5.0,post engagement,7,2021,3,7,2021,3,True,5.58724865840025,8.105005537547246,8.27664912542186
Ecommerce & Retail,38.05,CONVERSIONS,5,2022,2,5,2022,2,False,3.258096538021482,10.304978105888882,11.417196197360877
Travel,169.57,Messages,11,2021,4,10,2021,4,True,6.210600077024653,11.33477917958675,12.415595859749274
Ecommerce & Retail,2.18,post engagement,3,2020,1,3,2020,1,False,2.4849066497880004,5.3706380281276624,5.389071729816501
Ecommerce & Retail,56.92,pages likes,10,2021,4,10,2021,4,False,7.7886260656250315,10.705354599810315,11.11205976335696
Ecommerce & Retail,4.12,Messages,3,2022,1,3,2022,1,False,1.791759469228055,7.954723334497908,8.288534459413917
Ecommerce & Retail,30.0,post engagement,8,2020,3,8,2020,3,False,7.7102051944325325,11.200978021980525,11.963319323321793
Travel,292.39,post engagement,7,2019,3,6,2019,2,False,10.461845406747434,13.197253757682686,13.724015690590308
Ecommerce & Retail,1.74,Traffic,5,2020,2,5,2020,2,False,4.68213122712422,7.323830566202317,7.329093736246592
Ecommerce & Retail,53.65,CONVERSIONS,5,2022,2,4,2022,2,False,1.3862943611198906,10.372772173357246,11.239553841191775
Travel,35.71,post engagement,1,2019,1,1,2019,1,True,8.19863945529737,11.433026913572343,11.754670923004099
Travel,10.0,post engagement,1,2019,1,12,2018,4,False,8.224163512637862,11.081788640105605,11.153217354199793
Travel,46.07,Messages,12,2021,4,11,2021,4,False,4.663439094112067,10.351852494959513,10.851858177873694
Travel,18.81,post engagement,1,2022,1,1,2022,1,False,9.501067802613925,9.945540788767127,10.056637732029802
Travel,16.02,post engagement,6,2021,2,6,2021,2,False,6.2766434893416445,9.882110686776542,9.993099711225815
Ecommerce & Retail,6.0,Traffic,8,2021,3,8,2021,3,False,5.062595033026967,10.284830718523883,10.670558759761432
Travel,45.12,Messages,1,2022,1,1,2022,1,False,3.713572066704308,10.537309267011258,11.178375379831667
Ecommerce & Retail,11.0,post engagement,10,2021,4,10,2021,4,False,6.295266001439646,9.023649282664286,9.226705726062447
Ecommerce & Retail,102.84,post engagement,10,2021,4,9,2021,3,False,9.245900547374733,11.548765469964032,12.260338268170228
Automotive,143.52,lead generation,5,2021,2,4,2021,2,False,5.62040086571715,11.54572173938531,12.591263615198248
Travel,69.19,lead generation,1,2022,1,1,2022,1,True,5.575949103146316,11.19459172665227,11.86168617380529
Ecommerce & Retail,12.0,Traffic,7,2021,3,7,2021,3,False,5.723585101952381,11.17594109723226,11.721864609668453
Ecommerce & Retail,102.12,Messages,7,2021,3,7,2021,3,False,3.332204510175204,11.174651606402387,12.03946891398827
Ecommerce & Retail,10.47,Traffic,12,2021,4,11,2021,4,False,5.147494476813453,9.69109846411978,9.908077004869936
Travel,32.68,post engagement,6,2021,2,6,2021,2,False,7.8328075165248645,11.1714627968338,11.288856485579517
Automotive,32.79,post engagement,9,2021,3,9,2021,3,False,7.875119281040293,11.051016981438853,11.527538177338075
B2B,0.6,post engagement,6,2021,2,6,2021,2,False,1.791759469228055,6.481577129276431,6.591673732008658
Ecommerce & Retail,10.0,Traffic,11,2020,4,11,2020,4,True,5.676753802268282,10.059165636715807,10.301827335701704
Travel,41.69,CONVERSIONS,5,2022,2,5,2022,2,True,0.6931471805599453,8.664923303440572,8.916371914881694
Travel,20.37,post engagement,1,2019,1,1,2019,1,False,8.021584533455107,11.2193728612867,11.564445233710527
Ecommerce & Retail,251.11,pages likes,11,2021,4,10,2021,4,False,7.962415680121064,11.735428811397014,12.563907916029597
Ecommerce & Retail,31.73,post engagement,11,2020,4,11,2020,4,False,6.413458957167357,10.703761188563927,11.245385831353191
Automotive,57.44,Traffic,10,2021,4,10,2021,4,False,8.229511118964457,11.71323427677857,12.428547973632975
Automotive,10.33,lead generation,1,2022,1,1,2022,1,False,2.5649493574615367,8.067462667010057,8.427924723658055
Ecommerce & Retail,330.98,pages likes,10,2021,4,10,2021,4,True,8.62604759632832,12.078529004771553,12.992083834637409
Travel,12.64,post engagement,3,2022,1,2,2022,1,False,10.166543885161504,10.540725538656556,10.628908293646369
Ecommerce & Retail,3.11,post engagement,7,2020,3,6,2020,2,False,4.804021044733257,8.236685322712457,8.253748343328501
Travel,22.86,pages likes,10,2019,4,9,2019,3,False,7.685703061234547,10.934552353218534,11.94217871171484
Automotive,80.61,Traffic,6,2021,2,6,2021,2,False,8.60061479955531,11.599919341806732,12.61878807310212
Ecommerce & Retail,12.0,Traffic,11,2021,4,11,2021,4,True,5.111987788356544,9.535101442669385,9.938854696373419
Ecommerce & Retail,20.0,post engagement,4,2022,2,4,2022,2,False,7.355001921105257,10.204221576482523,10.631446703548116
Ecommerce & Retail,13.0,post engagement,4,2021,2,4,2021,2,False,5.564520407322694,9.055205875026193,10.00487016682473
Ecommerce & Retail,178.45,post engagement,8,2021,3,8,2021,3,False,8.929700114313448,11.757039588718067,13.088976176186389
Ecommerce & Retail,25.0,post engagement,6,2020,2,6,2020,2,False,5.351858133476067,7.910957382845589,8.11102783819368
Ecommerce & Retail,54.25,CONVERSIONS,5,2022,2,5,2022,2,False,3.4339872044851463,10.899439380817963,12.161681790195365
Ecommerce & Retail,94.35,Messages,3,2021,1,2,2021,1,False,4.962844630259907,10.275602680962738,11.710816847171511
Ecommerce & Retail,276.26,pages likes,10,2021,4,10,2021,4,False,8.06117135969092,12.222255986004269,12.848707805376165
Ecommerce & Retail,3.73,post engagement,4,2020,2,4,2020,2,True,4.204692619390966,8.130059039992796,8.648221453822641
Ecommerce & Retail,6.99,post engagement,5,2021,2,5,2021,2,True,6.338594078203183,8.639587799629844,8.834482608620677
Travel,12.0,Messages,6,2020,2,6,2020,2,False,4.189654742026425,9.543163100092235,9.840121676914308
Ecommerce & Retail,91.41,post engagement,4,2020,2,4,2020,2,True,8.606302366488013,12.082961063352151,13.012608777438231
Ecommerce & Retail,31.39,Traffic,2,2021,1,1,2021,1,False,6.779921907472252,9.658928824466434,9.793002819360856
Ecommerce & Retail,17.42,CONVERSIONS,4,2021,2,4,2021,2,False,0.6931471805599453,9.753187781764911,10.362430234422439
Ecommerce & Retail,15.89,pages likes,10,2021,4,10,2021,4,False,3.4339872044851463,8.666130304190608,8.865876285425417
Ecommerce & Retail,32.92,lead generation,6,2020,2,6,2020,2,False,3.332204510175204,10.102379394048045,10.902979077003044
Ecommerce & Retail,101.0,Traffic,4,2022,2,3,2022,1,False,9.076008659180891,11.461390036007309,12.417346024273897
Ecommerce & Retail,11.01,post engagement,10,2021,4,10,2021,4,False,7.262628600974241,9.870240958742492,10.276567200500137
Automotive,49.9,post engagement,8,2021,3,8,2021,3,False,11.07972424251526,11.756608626843686,12.175948433474622
Automotive,22.37,post engagement,4,2022,2,4,2022,2,False,10.18282238350008,10.612926301872958,10.96072213675026
Ecommerce & Retail,72.04,lead generation,3,2022,1,2,2022,1,False,4.276666119016055,10.329310689232171,11.467635169110421
B2B,80.95,lead generation,4,2019,2,3,2019,1,False,2.0794415416798357,10.182292842675238,11.083372561332974
Ecommerce & Retail,19.15,post engagement,1,2022,1,1,2022,1,False,6.249975242259483,9.546241016698438,9.97506375102535
Ecommerce & Retail,268.28,pages likes,9,2021,3,9,2021,3,False,8.522976436171964,11.483228853233392,12.41370857280251
Ecommerce & Retail,16.93,Traffic,5,2022,2,5,2022,2,True,7.563719668414366,11.243528529138556,11.585627449185973
Travel,41.23,post engagement,5,2019,2,5,2019,2,False,8.536995818712418,10.901173922614277,11.414143264672525
Ecommerce & Retail,21.64,Traffic,5,2022,2,5,2022,2,False,7.253470382684528,11.567423119906431,12.30657387395203
Ecommerce & Retail,45.63,Traffic,6,2021,2,6,2021,2,False,8.620110725422924,11.468116365835016,11.917350031903146
Travel,3.44,Traffic,12,2018,4,12,2018,4,False,5.631211781821365,9.064505023752638,9.112286431500795
Ecommerce & Retail,191.43,CONVERSIONS,3,2022,1,1,2022,1,True,1.791759469228055,12.036066936378816,12.928849014204035
Ecommerce & Retail,7.16,post engagement,5,2022,2,5,2022,2,False,9.421168397567744,9.943717371755195,10.078532700359306
Ecommerce & Retail,2.93,Traffic,5,2020,2,5,2020,2,False,5.455321115357702,9.463198053273784,9.62092568277892
Ecommerce & Retail,9.77,Messages,8,2021,3,8,2021,3,False,1.9459101490553132,8.51197962436335,8.701512750872865
Ecommerce & Retail,352.84,Messages,1,2022,1,12,2021,4,False,4.709530201312334,10.986546174277471,12.329877513505052
Ecommerce & Retail,105.54,Messages,12,2021,4,11,2021,4,False,4.7535901911063645,10.710141973889668,11.55158833024762
Ecommerce & Retail,24.05,Traffic,5,2020,2,5,2020,2,False,7.255591274253665,10.153506697855693,11.508304806149503
Ecommerce & Retail,9.27,post engagement,10,2020,4,10,2020,4,False,6.61338421837956,9.525516008736886,9.562475024372697
Ecommerce & Retail,16.99,Messages,3,2022,1,3,2022,1,False,1.6094379124341003,8.739536422559677,9.442721128642875
Ecommerce & Retail,30.0,Traffic,11,2020,4,11,2020,4,False,7.630946580890459,11.62195922599435,12.198755943629793
Ecommerce & Retail,14.0,post engagement,2,2022,1,1,2022,1,True,7.055312843339752,8.977777598745481,9.266909723464076
Ecommerce & Retail,6.49,post engagement,10,2020,4,10,2020,4,False,4.990432586778736,9.412872969386267,9.558458813231795
Ecommerce & Retail,80.78,post engagement,7,2021,3,6,2021,2,True,8.246958032568177,10.853773831668242,11.525170191386666
Ecommerce & Retail,17.5,pages likes,4,2022,2,4,2022,2,True,6.040254711277414,9.36947859331448,9.686885061765299
Ecommerce & Retail,0.0,post engagement,7,2021,3,7,2021,3,False,1.791759469228055,4.736198448394496,4.74493212836325
Ecommerce & Retail,65.82,Messages,3,2022,1,2,2022,1,False,3.332204510175204,10.878198124539677,11.559217272749507
Ecommerce & Retail,141.37,Traffic,8,2021,3,8,2021,3,True,9.120415664448196,12.565385606839344,13.748698521013766
Ecommerce & Retail,30.0,Traffic,5,2019,2,5,2019,2,True,1.0986122886681098,8.17131687471973,8.236685322712457
Ecommerce & Retail,56.54,pages likes,11,2020,4,11,2020,4,False,5.3230099791384085,10.154751979566992,10.906011025007926
Ecommerce & Retail,112.64,Messages,5,2022,2,5,2022,2,True,4.127134385045092,10.84099168080948,11.32350678305764
Ecommerce & Retail,4.94,Messages,5,2022,2,5,2022,2,False,1.791759469228055,8.395703293828527,8.450839690866216
B2B,40.76,lead generation,3,2021,1,3,2021,1,False,3.6888794541139363,9.667322082870054,10.309285938434412
Travel,0.1,post engagement,1,2019,1,1,2019,1,False,2.4849066497880004,5.739792912179234,5.762051382780177
Travel,115.43,Messages,2,2022,1,2,2022,1,False,4.276666119016055,10.751606504306949,11.751580095104345
Ecommerce & Retail,6.0,Traffic,8,2021,3,8,2021,3,True,6.180016653652572,10.271458456216711,10.608686814120215
Ecommerce & Retail,9.99,Traffic,3,2021,1,2,2021,1,True,4.927253685157205,9.696524881825722,10.728474070001383
Ecommerce & Retail,53.95,CONVERSIONS,5,2022,2,5,2022,2,False,3.295836866004329,9.985850642961251,11.807630319857294
Ecommerce & Retail,108.03,CONVERSIONS,5,2022,2,4,2022,2,False,3.1780538303479458,11.276759995304156,12.380677001179722
Ecommerce & Retail,78.66,CONVERSIONS,8,2021,3,8,2021,3,False,0.6931471805599453,9.708202329350314,10.367818874622333
Ecommerce & Retail,64.03,post engagement,12,2020,4,12,2020,4,False,6.525029657843462,10.82430800969668,11.391446859098352
Automotive,29.07,post engagement,2,2022,1,2,2022,1,False,7.261225091971921,10.430373515848633,10.82456680114208
Ecommerce & Retail,31.76,post engagement,7,2021,3,7,2021,3,False,7.436617265234227,10.466554521147781,10.908173703172075
Ecommerce & Retail,10.0,post engagement,3,2021,1,3,2021,1,False,7.251344983372214,9.384965722135666,9.591239526139097
Automotive,6.64,lead generation,1,2022,1,1,2022,1,False,2.9444389791664403,8.108021221376747,8.220133957151859
Ecommerce & Retail,12.0,Traffic,8,2021,3,8,2021,3,False,5.8998973535824915,10.781951798869827,11.07601612832089
Travel,11.17,lead generation,1,2022,1,1,2022,1,False,3.4011973816621555,10.037362636092155,10.193392153341007
Ecommerce & Retail,17.8,post engagement,10,2019,4,10,2019,4,True,6.884486652042782,10.236274435146306,10.621278564008833
Ecommerce & Retail,59.71,Traffic,3,2021,1,3,2021,1,False,8.096817470572319,11.831633709152111,12.885458065959698
Ecommerce & Retail,30.0,Traffic,12,2021,4,12,2021,4,False,5.8888779583328805,9.228376734462282,9.506436943028982
B2B,135.42,lead generation,3,2021,1,3,2021,1,False,4.584967478670572,10.842889158907376,11.7570709241561
Ecommerce & Retail,0.39,post engagement,9,2021,3,8,2021,3,False,2.4849066497880004,5.991464547107982,6.003887067106539
Ecommerce & Retail,2.57,lead generation,9,2020,3,9,2020,3,False,0.6931471805599453,7.803026643632217,7.820840879907344
Ecommerce & Retail,52.02,post engagement,10,2019,4,10,2019,4,False,7.649216319820633,11.054581595759815,12.095275154047503
Ecommerce & Retail,480.3,Traffic,6,2019,2,6,2019,2,False,9.18307194482199,11.771212196819883,14.540174331779504
Ecommerce & Retail,22.17,post engagement,11,2020,4,11,2020,4,False,5.713732805509369,9.914674741926692,10.389672062385667
Ecommerce & Retail,10.0,post engagement,7,2021,3,7,2021,3,False,3.5263605246161616,7.760893195851024,8.658692753689937
Ecommerce & Retail,7.01,post engagement,9,2021,3,9,2021,3,False,6.601230118728877,9.229456489168413,9.44596570079245
Ecommerce & Retail,9.25,post engagement,6,2021,2,6,2021,2,False,7.60887062919126,9.76617760157152,10.09575944018325
Ecommerce & Retail,81.69,Traffic,6,2020,2,6,2020,2,False,7.905810312658931,11.376888077819869,12.472532358342587
Ecommerce & Retail,9.1,post engagement,3,2020,1,3,2020,1,False,7.080867896690782,10.94137625615777,11.186350092426327
Ecommerce & Retail,55.8,Traffic,6,2020,2,5,2020,2,True,6.324358962381311,9.090091799380007,11.304904488926127
Automotive,22.19,Traffic,4,2022,2,4,2022,2,False,6.492239835020471,11.123992937496425,11.69741134459356
B2B,149.82,lead generation,9,2021,3,9,2021,3,False,4.812184355372417,10.852516492998056,11.389774296637176
Ecommerce & Retail,22.06,pages likes,4,2022,2,4,2022,2,False,5.966146739123692,9.456027887725288,9.89957992770511
Ecommerce & Retail,13.2,Traffic,5,2020,2,5,2020,2,False,7.243512974665482,11.19833800020246,11.558653803675258
Ecommerce & Retail,4.01,post engagement,10,2020,4,9,2020,3,False,4.919980925828125,9.08839870117094,9.175645402179295
Travel,73.0,post engagement,1,2019,1,1,2019,1,False,9.3615151997733,12.39504288410708,13.094212843087861
Ecommerce & Retail,2.26,pages likes,5,2020,2,5,2020,2,False,4.6913478822291435,7.781973234434385,8.014666370464942
B2B,38.88,lead generation,8,2020,3,8,2020,3,False,4.61512051684126,10.3321807867635,11.04290583559649
Automotive,459.35,post engagement,8,2021,3,7,2021,3,False,9.744960644307891,12.359188504400583,14.265045500645595
Ecommerce & Retail,10.0,post engagement,5,2022,2,4,2022,2,True,6.415096959171596,10.274809700521592,10.682147070420287
Ecommerce & Retail,248.16,pages likes,10,2021,4,10,2021,4,True,8.145549631783584,11.772393230940837,12.594245772032036
Ecommerce & Retail,10.35,Traffic,5,2021,2,4,2021,2,True,6.54965074223381,11.169335960580131,12.056568653109894
Travel,28.61,Traffic,11,2021,4,11,2021,4,False,7.533693709848633,11.588403926146134,12.023993059458942
Travel,83.98,post engagement,7,2021,3,7,2021,3,False,8.584851839890053,11.915305820116469,12.575281708178368
Ecommerce & Retail,5.0,post engagement,6,2021,2,6,2021,2,False,6.35088571671474,8.623892810075294,8.863898604317479
Travel,58.64,Traffic,1,2022,1,1,2022,1,False,8.68929604801586,11.56013342573478,12.212000043744963
Ecommerce & Retail,44.61,post engagement,11,2020,4,11,2020,4,False,6.566672429803241,9.83761480838542,10.256606180272083
Ecommerce & Retail,5.0,post engagement,6,2021,2,6,2021,2,False,6.066108090103747,8.246433786160365,8.419580362549237
Ecommerce & Retail,16.94,lead generation,11,2020,4,11,2020,4,False,2.1972245773362196,8.603187384583098,9.484709215365838
Ecommerce & Retail,60.0,Traffic,4,2019,2,4,2019,2,False,4.060443010546419,10.154090616746489,10.500068765119742
Ecommerce & Retail,12.0,Messages,6,2021,2,5,2021,2,False,2.995732273553991,9.08398318309966,9.533437849648918
Travel,13.54,post engagement,12,2018,4,12,2018,4,True,8.460411177317253,11.15351822026652,11.574754067593162
Ecommerce & Retail,10.0,post engagement,3,2021,1,3,2021,1,False,6.950814768442584,9.29182818882245,9.558600006313569
Ecommerce & Retail,4.04,post engagement,1,2021,1,1,2021,1,True,6.111467339502679,9.339349052539717,9.724719673941472
Ecommerce & Retail,43.32,Traffic,6,2020,2,6,2020,2,False,6.984716320118266,11.098878639030689,11.859948983379144
Ecommerce & Retail,30.0,post engagement,5,2021,2,5,2021,2,False,8.647168267837984,10.852226113276135,11.43650867570218
Ecommerce & Retail,108.8,CONVERSIONS,6,2021,2,5,2021,2,False,7.884199933676039,12.242255093981951,13.686289860926836
Ecommerce & Retail,12.0,Traffic,8,2021,3,8,2021,3,True,6.54534966033442,10.00061426326685,10.311615778063777
Travel,133.87,Traffic,11,2021,4,11,2021,4,False,9.369563877524161,12.949473204952904,14.211850154961922
Ecommerce & Retail,20.0,post engagement,5,2021,2,5,2021,2,False,7.346010209913293,9.952896572793671,10.379504316595238
Travel,13.13,Messages,3,2022,1,2,2022,1,False,2.5649493574615367,9.506362568702965,9.740380214665977
Travel,135.77,post engagement,6,2021,2,6,2021,2,False,7.8632667240095735,12.376060115915205,12.50861500495139
Ecommerce & Retail,120.27,Messages,1,2021,1,1,2021,1,False,4.624972813284271,10.517699745007931,11.2297133871899
Ecommerce & Retail,32.05,post engagement,9,2021,3,9,2021,3,True,7.374629015218945,10.234839560272293,10.62750335675854
Automotive,17.94,post engagement,6,2021,2,6,2021,2,False,9.40195197567723,9.608109273449877,10.750706838407863
Ecommerce & Retail,38.26,Traffic,3,2020,1,3,2020,1,True,7.0192966537150445,11.408642146704691,12.264846143308507
Ecommerce & Retail,35.0,Traffic,12,2020,4,12,2020,4,False,7.422971251049421,11.686164231155798,12.264789566488957
Ecommerce & Retail,7.86,lead generation,12,2020,4,12,2020,4,False,1.0986122886681098,8.389359819906353,8.555066843844319
Ecommerce & Retail,222.08,pages likes,10,2021,4,9,2021,3,False,7.97728198675515,11.152285527968122,12.252703336858469
Ecommerce & Retail,15.0,Traffic,11,2020,4,11,2020,4,False,7.081708586105575,11.154892456421925,11.731378030796314
Ecommerce & Retail,95.89,post engagement,3,2019,1,3,2019,1,True,10.162307080302808,11.098348973993602,12.132727459304359
Ecommerce & Retail,25.89,post engagement,6,2020,2,6,2020,2,False,9.911654115202522,10.711413259732158,11.44858958996521
Ecommerce & Retail,255.37,CONVERSIONS,2,2022,1,1,2022,1,False,2.302585092994046,12.510416388221277,13.55073348501407
Ecommerce & Retail,34.99,post engagement,5,2021,2,5,2021,2,True,8.075893630298857,10.451435535603869,10.72952529543272
Ecommerce & Retail,15.0,post engagement,5,2022,2,4,2022,2,False,6.76849321164863,9.98419157995109,10.439951682857124
Travel,28.93,Traffic,12,2021,4,12,2021,4,True,7.57095858316901,11.056619591646689,11.73658888113129
Ecommerce & Retail,38.0,Traffic,12,2020,4,12,2020,4,False,8.18757739559151,11.608099271839823,12.33998271644702
Ecommerce & Retail,11.86,post engagement,4,2022,2,4,2022,2,True,6.068425588244111,9.54716968769421,9.879194859967084
Ecommerce & Retail,99.8,CONVERSIONS,1,2022,1,12,2021,4,False,8.155936337972394,12.397163968598287,13.7387796103546
Ecommerce & Retail,17.74,Messages,2,2022,1,2,2022,1,False,1.9459101490553132,8.483636407887394,8.896861744480391
Ecommerce & Retail,265.79,CONVERSIONS,9,2021,3,8,2021,3,False,4.812184355372417,12.01894154138328,13.290687424554429
Ecommerce & Retail,6.99,post engagement,5,2021,2,5,2021,2,True,6.028278520230698,9.061724347647399,9.406811351874557
Travel,40.0,post engagement,1,2019,1,12,2018,4,False,7.848153086199526,11.157406994914858,11.26221799530981
Ecommerce & Retail,19.51,lead generation,2,2022,1,2,2022,1,False,3.2188758248682006,9.702900186935281,10.159949819043163
Travel,36.54,post engagement,2,2022,1,2,2022,1,False,9.268326221174837,9.741733036682138,10.037887318015784
Ecommerce & Retail,33.03,post engagement,4,2020,2,4,2020,2,False,6.150602768446279,9.913487387114461,11.414706057463768
Ecommerce & Retail,10.63,Traffic,12,2021,4,11,2021,4,False,5.030437921392435,9.710691327448153,9.913883328718248
Ecommerce & Retail,34.73,post engagement,4,2020,2,4,2020,2,False,10.111192540161147,10.505642716590316,11.749877242415298
Travel,105.25,post engagement,9,2021,3,8,2021,3,False,7.993619994827744,11.440784787192547,12.71732617773029
Ecommerce & Retail,109.73,CONVERSIONS,5,2022,2,5,2022,2,False,2.0794415416798357,11.210535763646174,12.38780652967838
Ecommerce & Retail,230.75,lead generation,3,2021,1,1,2021,1,False,5.916202062607435,11.671765134283618,12.941946405736113
Ecommerce & Retail,20.0,Messages,2,2022,1,2,2022,1,False,2.8903717578961645,8.731174900938061,9.797293356129725
Ecommerce & Retail,56.2,CONVERSIONS,11,2021,4,11,2021,4,False,9.906134047477034,11.432257561902773,12.521623986969537
Ecommerce & Retail,1.9,post engagement,10,2020,4,10,2020,4,False,4.290459441148391,8.304989580140361,8.32020459757888
Ecommerce & Retail,37.9,CONVERSIONS,5,2022,2,5,2022,2,True,3.5553480614894135,10.393324445863634,11.596494256389546
Ecommerce & Retail,5.41,post engagement,10,2021,4,10,2021,4,False,8.055475141757274,8.42639282708974,8.614138397472717
Automotive,11.72,post engagement,1,2022,1,1,2022,1,True,6.647688373563329,9.79929302351827,9.95208722237219
Ecommerce & Retail,34.95,Traffic,6,2021,2,6,2021,2,False,7.8636512654486515,11.550307951157558,12.429752053247693
Ecommerce & Retail,5.56,post engagement,11,2020,4,11,2020,4,False,5.958424693029782,8.087025470667701,8.201934351194222
B2B,7.78,lead generation,4,2021,2,4,2021,2,True,1.6094379124341003,8.37516869138682,8.575462099540212
Ecommerce & Retail,28.15,Messages,4,2022,2,4,2022,2,False,2.9444389791664403,9.647433337764658,9.936438652675815
Ecommerce & Retail,50.0,Traffic,5,2019,2,5,2019,2,False,4.2626798770413155,9.136155473786806,9.95807043030642
B2B,17.27,lead generation,4,2019,2,4,2019,2,False,1.3862943611198906,9.490620114661201,9.92373125901317
Travel,1.22,post engagement,11,2018,4,11,2018,4,False,6.837332814685591,8.347827345782498,8.366370301681654
Ecommerce & Retail,20.0,Messages,2,2021,1,2,2021,1,False,2.5649493574615367,8.512984346642183,9.387900611668426
Ecommerce & Retail,29.91,post engagement,11,2020,4,11,2020,4,False,6.647688373563329,10.290109572842812,10.869025486978895
Automotive,37.82,post engagement,4,2022,2,4,2022,2,False,10.906854659287504,11.279542165925827,11.933535310404846
Ecommerce & Retail,12.0,Traffic,8,2021,3,8,2021,3,False,5.877735781779639,9.45946351224934,9.703083488191409
Travel,205.68,post engagement,2,2022,1,1,2022,1,True,13.025812828660406,12.73325378565573,13.71363396638898
Travel,10.0,Traffic,7,2019,3,7,2019,3,True,7.756195343948118,10.717280334365933,11.124627160483929
B2B,10.97,lead generation,12,2021,4,12,2021,4,False,1.6094379124341003,8.021256180143997,8.081165777725433
Ecommerce & Retail,112.8,pages likes,9,2021,3,9,2021,3,False,7.969357742016346,10.857767470314318,11.659067014309427
Ecommerce & Retail,60.16,pages likes,5,2022,2,4,2022,2,False,6.09807428216624,10.0650109866928,10.396139022323208
Ecommerce & Retail,10.97,post engagement,4,2020,2,4,2020,2,True,8.820847033377717,9.742438131017714,10.67710811724595
Travel,47.6,Messages,9,2021,3,9,2021,3,False,3.58351893845611,11.162857220082351,11.8284950409089
Ecommerce & Retail,139.89,Traffic,5,2021,2,5,2021,2,False,8.312626025674962,13.378325654349645,14.277810842491615
Ecommerce & Retail,33.49,lead generation,7,2020,3,7,2020,3,False,4.442651256490317,10.800146842461055,11.147685373226313
Automotive,119.26,Traffic,7,2021,3,7,2021,3,False,8.545002892055505,11.94752209958464,13.354766327864052
B2B,58.17,lead generation,6,2020,2,6,2020,2,True,3.9318256327243257,10.78991683637612,11.748076635408715
Ecommerce & Retail,5.0,post engagement,6,2021,2,6,2021,2,False,7.1459844677143876,9.161570207606754,9.398395460617898
Ecommerce & Retail,50.0,Traffic,2,2021,1,2,2021,1,False,6.695798917058491,10.327479965258176,11.801399723559697
Ecommerce & Retail,11.15,post engagement,10,2020,4,10,2020,4,False,6.2422232654551655,9.497997444115459,9.632859234650175
Ecommerce & Retail,133.5,lead generation,5,2021,2,4,2021,2,False,5.1647859739235145,11.006539969230259,12.03636322038698
Ecommerce & Retail,110.69,Traffic,6,2020,2,5,2020,2,True,8.72029728739272,12.290712462593303,13.272349397060813
Ecommerce & Retail,96.28,CONVERSIONS,8,2021,3,8,2021,3,False,3.091042453358316,11.36281162612522,11.948137059971444
Automotive,40.71,Traffic,6,2021,2,6,2021,2,False,8.434897948689407,11.385262533480073,12.01520265476626
Ecommerce & Retail,12.42,post engagement,4,2022,2,4,2022,2,True,8.092851027538384,10.183616169332995,10.537998757611117
Ecommerce & Retail,14.0,Messages,3,2021,1,3,2021,1,False,1.6094379124341003,9.521568058002977,9.836813419268136
Travel,16.97,Messages,1,2022,1,1,2022,1,True,4.394449154672439,9.591785974240127,9.989022840642392
Ecommerce & Retail,27.51,post engagement,5,2020,2,5,2020,2,False,10.384029211193527,11.278733605246044,11.928116456302831
Travel,216.36,post engagement,6,2019,2,6,2019,2,False,8.895903562215581,12.83119791164321,13.274562439778817
Travel,15.0,post engagement,1,2019,1,12,2018,4,False,8.904765846682814,11.546601991329613,11.682372837280576
Ecommerce & Retail,25.98,Traffic,3,2021,1,3,2021,1,False,7.419979923661835,11.264515386408132,12.411194782246564
Ecommerce & Retail,10.0,Traffic,5,2021,2,5,2021,2,False,5.056245805348308,10.767579316866689,10.94266825743481
Travel,14.44,post engagement,12,2018,4,12,2018,4,False,7.255591274253665,10.318803976694667,10.603262719386294
Ecommerce & Retail,45.0,post engagement,1,2021,1,12,2020,4,False,7.592870287844818,10.357139468227567,11.421292515858228
Ecommerce & Retail,28.23,lead generation,12,2020,4,12,2020,4,False,3.8501476017100584,9.247732491193245,9.973060255888088
Ecommerce & Retail,8.56,lead generation,6,2020,2,6,2020,2,True,1.9459101490553132,9.437714959818209,9.746073219448274
Automotive,31.05,post engagement,4,2022,2,3,2022,1,False,7.6787889981991535,11.331703303619575,11.675282381344585
Travel,47.57,Messages,9,2021,3,9,2021,3,False,3.7612001156935624,11.086701372402121,11.783616503889176
Ecommerce & Retail,46.57,Traffic,6,2020,2,6,2020,2,False,7.00850518208228,10.430137311649004,12.074721731077195
Ecommerce & Retail,238.12,CONVERSIONS,4,2022,2,4,2022,2,False,4.983606621708336,11.530018542396405,13.360045529226324
Ecommerce & Retail,7.14,post engagement,12,2020,4,12,2020,4,False,6.222576268071369,8.716207971151853,8.858652969548489
Ecommerce & Retail,101.5,Messages,7,2021,3,7,2021,3,False,3.6375861597263857,9.33485624667375,9.922260237859412
Ecommerce & Retail,48.44,pages likes,10,2021,4,10,2021,4,False,7.500529485395295,10.441675393057931,10.845036590624378
Ecommerce & Retail,25.0,post engagement,1,2022,1,1,2022,1,False,5.58724865840025,7.445417556701687,7.515889085215125
Ecommerce & Retail,57.25,Traffic,6,2020,2,5,2020,2,True,7.894690850425624,11.453780373109366,12.49341090888638
Travel,152.59,post engagement,1,2022,1,1,2022,1,False,9.928228944424575,13.042042297655549,13.79483631091794
Ecommerce & Retail,14.0,Messages,3,2021,1,3,2021,1,False,3.1780538303479458,8.721765357145012,9.248887781588422
Ecommerce & Retail,9.9,Traffic,10,2021,4,10,2021,4,False,5.634789603169249,10.187763831853076,10.68562955841758
B2B,7.7,lead generation,4,2021,2,4,2021,2,True,2.4849066497880004,8.299534570332597,8.572060092857077
Ecommerce & Retail,10.0,post engagement,3,2021,1,3,2021,1,True,6.78897174299217,9.217018026729423,9.526682784921174
Ecommerce & Retail,1.82,post engagement,10,2020,4,10,2020,4,False,2.1972245773362196,7.21890970761906,7.27931883541462
Ecommerce & Retail,49.28,post engagement,1,2021,1,1,2021,1,True,7.295735072749282,11.33721401321588,12.125821999572304
Automotive,21.28,post engagement,1,2022,1,1,2022,1,False,7.149131598557407,10.3407419831337,10.85892207152791
Ecommerce & Retail,64.83,post engagement,12,2021,4,12,2021,4,False,8.089789175789319,11.074342980399237,11.821593288081054
Ecommerce & Retail,6.0,Traffic,8,2021,3,8,2021,3,True,5.4116460518550396,9.93967482329784,10.238744765600796
Travel,86.01,Traffic,2,2022,1,2,2022,1,False,5.739792912179234,9.242710752006634,9.620793021595386
B2B,4.61,Messages,5,2022,2,5,2022,2,False,0.6931471805599453,7.551186867296149,7.692569648067906
Automotive,17.79,Traffic,4,2022,2,4,2022,2,False,6.966024187106113,10.819478239401281,11.43773844931995
Ecommerce & Retail,113.03,CONVERSIONS,1,2021,1,1,2021,1,False,7.759187438507795,10.872807071958002,13.005539631482383
Automotive,400.82,Traffic,8,2021,3,7,2021,3,False,10.196045219934657,13.26764743609572,14.876384287878741
Travel,6.85,post engagement,8,2021,3,7,2021,3,False,6.0867747269123065,9.462965052612562,9.537627699020323
Ecommerce & Retail,6.93,Messages,2,2021,1,2,2021,1,False,1.6094379124341003,9.598930562859502,9.82216903135854
Ecommerce & Retail,10.0,post engagement,3,2021,1,3,2021,1,False,6.892641641172089,9.342858751676328,9.678467241209058
Ecommerce & Retail,6.98,post engagement,5,2021,2,5,2021,2,True,6.674561391814426,9.124019665509655,9.314339961994667
Ecommerce & Retail,14.0,post engagement,3,2021,1,3,2021,1,False,6.663132695990803,8.778479952508487,9.125000324809168
Ecommerce & Retail,133.03,CONVERSIONS,12,2019,4,11,2019,4,False,2.0794415416798357,11.854193327033185,13.035050136676606
Ecommerce & Retail,15.0,Traffic,12,2020,4,12,2020,4,False,7.15305163493748,11.035163819991435,11.437932485928798
Ecommerce & Retail,41.98,post engagement,7,2019,3,7,2019,3,False,7.783640596221253,10.823929655532758,11.374364301371587
Ecommerce & Retail,16.34,Messages,3,2022,1,3,2022,1,False,2.6390573296152584,8.971448463693834,9.618468597503831
Ecommerce & Retail,22.57,post engagement,11,2020,4,11,2020,4,False,6.1675164908883415,10.457171496104019,10.713328286593352
Ecommerce & Retail,14.96,Traffic,5,2021,2,5,2021,2,True,7.4109518755836366,11.373065517792757,12.184419907834721
Ecommerce & Retail,5.0,post engagement,6,2021,2,6,2021,2,False,7.152268856032539,9.142275641062053,9.483340185641822
Ecommerce & Retail,69.8,Messages,4,2022,2,3,2022,1,False,4.418840607796598,10.634339875274723,11.402127973487557
Travel,52.66,post engagement,9,2021,3,8,2021,3,False,7.868254265520613,11.658574392818574,12.46282117121203
Travel,24.08,post engagement,12,2018,4,12,2018,4,False,7.444833273892193,9.953277217038643,10.212405048870064
Ecommerce & Retail,5.75,post engagement,9,2019,3,9,2019,3,False,5.762051382780177,9.473704136776757,9.575052927597383
Ecommerce & Retail,7.25,Messages,4,2020,2,4,2020,2,False,3.9512437185814275,9.860423463065102,10.202220834799924
Ecommerce & Retail,379.4,lead generation,10,2020,4,9,2020,3,False,4.969813299576001,12.220665647833075,13.559107490204958
Travel,42.89,Traffic,5,2022,2,5,2022,2,False,5.0238805208462765,9.170975648453906,9.559305672844863
Ecommerce & Retail,20.0,post engagement,4,2022,2,4,2022,2,False,7.283448228756631,10.127950233416236,10.424748538023646
Travel,14.47,post engagement,3,2019,1,2,2019,1,False,11.030606310001843,11.880010040208122,12.281040961767479
Ecommerce & Retail,34.83,post engagement,6,2020,2,6,2020,2,True,7.080867896690782,10.685583814855978,11.056398614611616
Ecommerce & Retail,9.74,post engagement,2,2021,1,2,2021,1,True,5.780743515792329,8.351846738828245,8.54772239645106
Ecommerce & Retail,39.1,CONVERSIONS,6,2021,2,6,2021,2,False,6.498282149476434,10.074116010739036,10.643995304455911
Ecommerce & Retail,5.71,CONVERSIONS,5,2022,2,5,2022,2,False,1.0986122886681098,9.179365567676752,9.661033752687418
Travel,21.99,lead generation,12,2018,4,12,2018,4,False,4.564348191467836,10.495072550185991,10.820977564985766
Ecommerce & Retail,15.0,Traffic,11,2020,4,11,2020,4,False,7.093404625868766,11.09402551213569,11.729366605224763
Ecommerce & Retail,623.62,Traffic,4,2019,2,4,2019,2,False,9.592946185938265,12.969177232263897,14.754604508892333
Travel,13.65,post engagement,1,2019,1,12,2018,4,False,7.784889295655098,11.130800836219972,11.373789826425874
Ecommerce & Retail,67.51,CONVERSIONS,1,2022,1,1,2022,1,False,1.0986122886681098,10.849434169317794,11.80894766169701
Ecommerce & Retail,20.0,post engagement,2,2022,1,2,2022,1,False,7.607381425639791,10.227019277881606,10.930406899234095
Ecommerce & Retail,22.61,post engagement,5,2020,2,5,2020,2,True,8.849657406639912,10.355072596257845,10.426765325491356
Automotive,5.78,post engagement,4,2022,2,3,2022,1,False,8.339500903005945,9.497397249034046,9.645946636996333
Automotive,175.75,Traffic,7,2021,3,7,2021,3,False,9.232590980911002,12.453943930769213,14.034722390190733
Ecommerce & Retail,2.94,post engagement,10,2019,4,10,2019,4,True,4.564348191467836,8.945984124827898,8.969669103793757
Ecommerce & Retail,7.95,post engagement,7,2021,3,7,2021,3,True,6.902742737158593,9.669851648501433,9.951991961595743
Ecommerce & Retail,12.15,Traffic,11,2019,4,11,2019,4,False,5.393627546352362,10.091169715572178,10.641775388760346
Ecommerce & Retail,56.19,Traffic,4,2019,2,4,2019,2,False,7.042286171939743,9.9533247873833,12.05106659998194
B2B,71.65,lead generation,6,2020,2,5,2020,2,False,4.634728988229636,11.320129239882252,12.177796620178437
Ecommerce & Retail,14.15,Messages,6,2021,2,6,2021,2,False,3.367295829986474,9.460086905084927,10.08318065797639
Ecommerce & Retail,59.17,post engagement,3,2020,1,3,2020,1,False,8.639764743804419,11.49092522469056,12.623196195795524
Ecommerce & Retail,35.0,Traffic,2,2021,1,1,2021,1,False,8.007034012193408,11.814081356463873,12.67921197831483
Automotive,8.28,post engagement,10,2021,4,9,2021,3,False,5.4510384535657,9.095939111666207,9.214232786691527
Ecommerce & Retail,12.0,Traffic,8,2021,3,8,2021,3,False,6.025865973825314,10.755154426298283,11.042025434076557
Travel,18.57,post engagement,1,2019,1,1,2019,1,False,8.50045386741194,10.924516606545858,11.471415734013476
Travel,2.82,post engagement,7,2019,3,7,2019,3,False,5.198497031265826,7.510430556378006,7.591861714889934
Automotive,25.2,CONVERSIONS,3,2022,1,3,2022,1,False,1.0986122886681098,8.371936178759098,9.385049695767997
Ecommerce & Retail,10.62,post engagement,3,2022,1,3,2022,1,False,7.9817332866918855,10.29667762976868,10.604553298340369
Ecommerce & Retail,55.03,Messages,5,2021,2,4,2021,2,False,4.248495242049359,10.168156850678836,11.040567065427815
Ecommerce & Retail,11.93,Traffic,8,2021,3,8,2021,3,False,4.382026634673881,9.580592724328602,9.891819747668446
Travel,43.82,pages likes,1,2019,1,12,2018,4,False,7.237059026124737,11.524389501078467,11.799314201423455
Ecommerce & Retail,15.23,post engagement,5,2021,2,4,2021,2,False,8.449556542700426,10.504875740356372,10.934427525970367
Ecommerce & Retail,12.0,Traffic,11,2021,4,11,2021,4,True,5.10594547390058,8.12651816878071,8.37539918579835
Ecommerce & Retail,13.84,post engagement,2,2022,1,2,2022,1,True,7.216709486709457,10.027826826791735,10.386870034471961
Ecommerce & Retail,3.81,post engagement,10,2020,4,10,2020,4,False,4.718498871295094,9.24435525056346,9.344084242025778
Ecommerce & Retail,96.35,CONVERSIONS,9,2021,3,8,2021,3,False,2.6390573296152584,11.63140159371543,12.30580937731771
Ecommerce & Retail,13.52,post engagement,11,2020,4,11,2020,4,False,6.617402977974478,9.650722071987907,10.125750716423031
Ecommerce & Retail,11.12,post engagement,3,2021,1,3,2021,1,True,7.399398083331354,9.94087967175319,10.313210250896933
Ecommerce & Retail,9.38,post engagement,10,2020,4,9,2020,3,False,5.2574953720277815,9.328390038749998,9.385133662349347
Ecommerce & Retail,135.7,CONVERSIONS,3,2022,1,2,2022,1,False,1.3862943611198906,11.725994437712842,12.819250865697185
Travel,72.8,Traffic,8,2021,3,8,2021,3,True,7.205635176410364,11.658894192298385,12.530978245779922
Ecommerce & Retail,10.83,Messages,4,2020,2,4,2020,2,True,3.7612001156935624,9.653807502217354,10.31088412749404
Travel,77.37,Messages,2,2022,1,2,2022,1,False,4.30406509320417,10.61521111866901,11.433990476882085
Ecommerce & Retail,19.63,CONVERSIONS,3,2022,1,3,2022,1,False,9.14216859187285,11.31877016481473,12.08604396530039
Travel,63.93,post engagement,1,2019,1,1,2019,1,True,8.77539495854551,12.135655546026104,12.618854255972032
Ecommerce & Retail,18.71,post engagement,11,2020,4,11,2020,4,False,4.852030263919617,9.588297240667746,9.80493712880685
Travel,120.0,post engagement,12,2018,4,12,2018,4,False,8.452974619089586,11.63648732655726,11.973124940178444
Ecommerce & Retail,29.91,Traffic,2,2021,1,1,2021,1,False,7.8351837552667485,9.934065253000266,12.056382834549568
Ecommerce & Retail,24.99,post engagement,11,2020,4,11,2020,4,False,4.7535901911063645,9.893689710056018,10.263606558877415
Ecommerce & Retail,10.98,post engagement,10,2021,4,10,2021,4,False,5.402677381872279,8.06211758275474,8.224699561967235
Automotive,19.61,post engagement,4,2022,2,4,2022,2,False,10.451146426347467,11.032079266945424,11.2726611868476
Ecommerce & Retail,13.96,CONVERSIONS,3,2022,1,3,2022,1,False,2.1972245773362196,9.469391461628812,9.972593750934676
Ecommerce & Retail,58.56,CONVERSIONS,4,2022,2,4,2022,2,False,4.31748811353631,10.363219861917235,11.813185600878612
Ecommerce & Retail,1.55,post engagement,5,2020,2,5,2020,2,False,4.143134726391533,7.798933310041217,7.826443135456014
Automotive,4.34,Traffic,4,2021,2,4,2021,2,False,6.054439346269371,9.588571307130579,9.726690706384874
Ecommerce & Retail,356.97,post engagement,6,2019,2,6,2019,2,False,9.355306142226368,11.89540849668647,14.070570518528799
Ecommerce & Retail,9.03,post engagement,11,2020,4,11,2020,4,False,4.48863636973214,9.30027247947679,9.894598158690211
Automotive,67.58,post engagement,7,2021,3,6,2021,2,False,11.319413528780622,10.744925419508215,12.018163507237189
Ecommerce & Retail,21.38,post engagement,2,2022,1,2,2022,1,False,10.541676837515393,10.952646957484708,11.202315887874743
Travel,162.7,Messages,3,2022,1,2,2022,1,False,4.955827057601261,11.502753909648732,12.471995953696723
Ecommerce & Retail,5.43,post engagement,4,2021,2,4,2021,2,True,5.6937321388027,8.20903626577507,8.771525284186465
B2B,38.72,lead generation,9,2020,3,9,2020,3,False,2.70805020110221,9.60184177306696,9.976087244950472
Ecommerce & Retail,212.42,pages likes,10,2021,4,10,2021,4,False,8.330622620332868,12.287164033915062,12.884776014657708
Ecommerce & Retail,9.81,post engagement,11,2021,4,11,2021,4,False,6.063785208687608,8.835646922534773,9.042868018032435
Ecommerce & Retail,18.57,post engagement,8,2021,3,8,2021,3,False,4.31748811353631,9.04981944514108,10.203925422776587
Ecommerce & Retail,40.54,Traffic,6,2020,2,6,2020,2,False,7.009408932708637,10.50848634631937,11.694546776649789
Travel,10.0,post engagement,6,2020,2,6,2020,2,False,6.421622267806518,9.93173481547423,10.209500581672632
Travel,248.42,post engagement,8,2021,3,8,2021,3,False,9.603800372956915,12.643517571076169,14.119689062974613
B2B,254.85,lead generation,5,2019,2,5,2019,2,False,6.505784060128229,12.040431198987417,13.541451272556602
Ecommerce & Retail,12.0,Traffic,7,2021,3,7,2021,3,False,5.697093486505405,10.592476097947214,11.01178611079366
Ecommerce & Retail,24.38,Traffic,2,2021,1,1,2021,1,False,6.761572768804055,10.560411522938548,11.522529201112922
Travel,3.11,Traffic,12,2018,4,12,2018,4,False,5.4116460518550396,9.072341873818893,9.162304922937626
Ecommerce & Retail,53.8,lead generation,3,2022,1,3,2022,1,False,4.2626798770413155,10.803018622594942,11.23727735967387
B2B,3.32,lead generation,6,2020,2,6,2020,2,True,1.3862943611198906,8.671286726753637,8.778017809698136
Ecommerce & Retail,151.83,lead generation,5,2020,2,4,2020,2,True,5.723585101952381,11.440967487612728,12.687859701709103
Ecommerce & Retail,56.05,CONVERSIONS,11,2021,4,10,2021,4,False,6.85751406254539,11.289781913656018,11.981484301004722
Ecommerce & Retail,39.54,Traffic,6,2020,2,5,2020,2,True,5.736572297479192,8.990815266184685,10.818197034893952
Automotive,10.83,post engagement,5,2022,2,5,2022,2,False,5.41610040220442,9.638805604313408,9.953134492425542
Travel,0.1,Traffic,10,2019,4,10,2019,4,False,1.0986122886681098,3.1780538303479458,3.1780538303479458
B2B,15.62,lead generation,11,2020,4,11,2020,4,False,1.0986122886681098,8.713253274320705,9.357897936333798
Travel,8.53,Messages,1,2022,1,1,2022,1,False,1.791759469228055,9.337589572891646,9.549736900114642
Ecommerce & Retail,6.36,post engagement,11,2020,4,11,2020,4,False,8.518991573357617,8.911529941736559,8.926251835034533
Ecommerce & Retail,17.06,post engagement,6,2021,2,5,2021,2,False,7.456454555176209,9.979012377622373,10.567205922405261
B2B,58.18,lead generation,9,2020,3,9,2020,3,False,2.6390573296152584,10.482821930623263,11.135697898273303
Ecommerce & Retail,34.18,pages likes,3,2022,1,3,2022,1,False,7.038783541388542,9.786110684382555,10.33484780193963
Automotive,17.0,Traffic,2,2022,1,2,2022,1,False,5.241747015059643,9.370842268630211,9.95631716618066
Travel,10.74,post engagement,6,2021,2,6,2021,2,False,7.483806687665835,10.256992477269039,10.41000390471402
Ecommerce & Retail,74.02,post engagement,8,2021,3,8,2021,3,False,7.987184748233473,10.944205862785335,12.057485626465848
Ecommerce & Retail,209.08,pages likes,11,2021,4,11,2021,4,False,7.959625305098115,11.718165704146749,12.398262021522479
Ecommerce & Retail,138.01,Messages,7,2021,3,7,2021,3,False,5.093750200806762,11.722643293245943,12.427065886583497
Travel,70.34,Traffic,1,2022,1,1,2022,1,True,9.049349685884057,11.696005067708077,12.242086298482121
Ecommerce & Retail,107.7,Traffic,6,2020,2,6,2020,2,False,7.968319500012717,11.791284209961125,12.937413569783043
Ecommerce & Retail,46.37,post engagement,3,2020,1,3,2020,1,False,7.653969180478774,11.390362272547103,12.16128446274004
Automotive,60.0,Traffic,10,2021,4,10,2021,4,False,8.194229304819817,11.552415372656641,12.47759865886697
B2B,19.51,pages likes,2,2022,1,2,2022,1,True,4.718498871295094,8.407601514786142,8.738895704934043
Ecommerce & Retail,6.96,post engagement,5,2021,2,5,2021,2,True,7.0431599159883405,9.388402871849754,9.65033572298117
Ecommerce & Retail,38.0,Traffic,12,2020,4,12,2020,4,False,8.116417072794205,11.895613125388405,12.63234641066458
Automotive,83.63,post engagement,8,2021,3,8,2021,3,False,11.3064054734599,10.713728642470587,12.506843682523673
Travel,2.18,Messages,11,2021,4,11,2021,4,False,1.0986122886681098,7.252762418053187,7.311218384419629
Automotive,53.76,post engagement,5,2021,2,5,2021,2,False,11.412773583019787,11.363206616720285,12.432666238600232
Ecommerce & Retail,10.69,post engagement,3,2022,1,2,2022,1,False,8.118207049405783,10.269553264861555,10.575998258245631
Ecommerce & Retail,21.44,post engagement,4,2021,2,4,2021,2,False,8.147867129923947,10.268790170825218,10.749420195723987
Ecommerce & Retail,14.45,post engagement,4,2022,2,4,2022,2,True,8.24800570160062,10.151635862839903,10.652731472447943
Travel,111.79,Traffic,7,2021,3,7,2021,3,False,7.513163545234075,11.532620243313664,12.329873095734126
Ecommerce & Retail,49.07,CONVERSIONS,3,2022,1,3,2022,1,False,2.4849066497880004,7.91644286012226,10.274878680310541
Ecommerce & Retail,9.94,post engagement,10,2021,4,10,2021,4,False,8.330140460246382,9.841558955913962,10.10524402196869
Ecommerce & Retail,36.63,post engagement,11,2020,4,11,2020,4,False,6.951772164398911,10.344609337852328,10.76259398788244
Ecommerce & Retail,91.95,CONVERSIONS,9,2021,3,8,2021,3,False,1.0986122886681098,11.62254191129355,12.417171955289513
Ecommerce & Retail,99.6,Traffic,6,2020,2,6,2020,2,False,7.751475318021456,12.359990441099141,12.990857360891605
B2B,101.13,lead generation,10,2020,4,10,2020,4,False,4.727387818712341,10.702997246586362,11.58295513213208
Ecommerce & Retail,34.7,Traffic,9,2021,3,9,2021,3,False,7.771488760117616,12.338932562765548,12.91716042677258
Ecommerce & Retail,16.82,Messages,5,2021,2,5,2021,2,False,3.5553480614894135,9.645946636996333,10.027296838262414
Ecommerce & Retail,65.26,post engagement,11,2020,4,11,2020,4,False,8.927181388251986,11.236605267927818,12.14480344101494
Ecommerce & Retail,88.83,CONVERSIONS,11,2021,4,11,2021,4,False,10.35951902421498,11.541367138601531,12.810839330466978
Ecommerce & Retail,14.0,post engagement,2,2022,1,2,2022,1,True,6.333279628139691,8.858510813033927,9.299449547047958
Ecommerce & Retail,10.53,Traffic,12,2021,4,11,2021,4,False,5.267858159063328,10.260847261969445,10.501499537981035
Automotive,8.57,lead generation,4,2021,2,4,2021,2,False,1.6094379124341003,7.463936604468925,7.597897950521784
Travel,1.45,post engagement,11,2018,4,11,2018,4,False,5.3706380281276624,7.167809184316444,7.192182058713246
Travel,14.21,post engagement,6,2021,2,6,2021,2,False,5.973809611869261,9.586651262653996,9.653037036689675
Ecommerce & Retail,157.63,post engagement,8,2021,3,8,2021,3,False,5.929589143389895,9.44951474036292,10.76170415731525
Ecommerce & Retail,1.89,post engagement,6,2021,2,5,2021,2,True,5.739792912179234,8.256347772918016,8.44009614103127
Ecommerce & Retail,10.13,post engagement,3,2022,1,2,2022,1,False,6.901737206656574,9.33078652505205,9.578242059529382
Ecommerce & Retail,4.62,post engagement,11,2020,4,11,2020,4,False,4.709530201312334,8.96610085736724,9.0217190130337
Ecommerce & Retail,133.01,lead generation,4,2022,2,4,2022,2,False,4.2626798770413155,10.415622319000747,11.374651415133773
